TIMESTAMP,ACCY,ACCY_filtered
2025-01-08 09:25:25.921111040,0.0782344,-0.03255092961237064
2025-01-08 09:25:25.921127936,0.11446077,-0.03186510705816881
2025-01-08 09:25:25.921134080,0.03261802,-0.03115944451520175
2025-01-08 09:25:25.921139968,0.07155302,-0.030434451737879394
2025-01-08 09:25:25.921145088,0.00253597,-0.029690648238597652
2025-01-08 09:25:25.921149952,-0.03884697,-0.028928562907428002
2025-01-08 09:25:25.933146112,0.0990437,-0.028148733625966274
2025-01-08 09:25:25.939825152,0.09660414,-0.027351706875636806
2025-01-08 09:25:25.951931904,0.01923913,-0.026538037340751976
2025-01-08 09:25:25.955823872,0.07587653,-0.025708287506631705
2025-01-08 09:25:26.041466880,0.04525641,-0.024863027253088952
2025-01-08 09:25:26.041484032,-0.00081277,-0.024002833443592626
2025-01-08 09:25:26.041490944,-0.04104209,-0.023128289510420043
2025-01-08 09:25:26.041496064,-0.03345561,-0.02223998503611561
2025-01-08 09:25:26.041501952,0.04207131,-0.02133851533157291
2025-01-08 09:25:26.041507072,-0.01399711,-0.02042448101106132
2025-01-08 09:25:26.041511936,-0.0277034,-0.019498487564518687
2025-01-08 09:25:26.041516032,0.10481828,-0.018561144927434006
2025-01-08 09:25:26.046744064,0.09015477,-0.017613067048645077
2025-01-08 09:25:26.067706112,0.07047221,-0.01665487145637749
2025-01-08 09:25:26.067727104,0.0505901,-0.01568717882285162
2025-01-08 09:25:26.074664960,-0.01464584,-0.01471061252778584
2025-01-08 09:25:26.083908096,-0.00477275,-0.013725798221123119
2025-01-08 09:25:26.094868992,0.01051995,-0.012733363385309492
2025-01-08 09:25:26.103888896,0.0230498,-0.011733936897452234
2025-01-08 09:25:26.113647104,0.0336487,-0.010728148591685055
2025-01-08 09:25:26.123707904,-0.00231466,-0.009716628822066755
2025-01-08 09:25:26.133548032,-0.00093475,-0.00870000802633936
2025-01-08 09:25:26.143641856,0.03382689,-0.0076789162908704
2025-01-08 09:25:26.153626880,-0.00411904,-0.006653982917101884
2025-01-08 09:25:26.171469056,-0.02394006,-0.005625835989827747
2025-01-08 09:25:26.173794048,-0.03375062,-0.004595101947619345
2025-01-08 09:25:26.183648000,-0.05589885,-0.0035624051557153315
2025-01-08 09:25:26.193725184,-0.02559736,-0.0025283674816919816
2025-01-08 09:25:26.252001024,-0.01576585,-0.0014936078742245607
2025-01-08 09:25:26.252022016,-0.01312226,-0.000458741945250167
2025-01-08 09:25:26.252028928,-0.02505553,0.0005756184441630733
2025-01-08 09:25:26.252036096,-0.01365563,0.0016088655939371535
2025-01-08 09:25:26.252043008,0.01864648,0.0026403963707973587
2025-01-08 09:25:26.258099968,0.01184767,0.0036696126094819424
2025-01-08 09:25:26.263844864,0.01965019,0.004695921509058089
2025-01-08 09:25:26.273806080,0.02435195,0.005718736024056644
2025-01-08 09:25:26.283906048,0.02435318,0.006737475250144586
2025-01-08 09:25:26.300368128,0.01901072,0.0077515648040571315
2025-01-08 09:25:26.303632896,0.03848392,0.008760437197517684
2025-01-08 09:25:26.314012928,0.02589521,0.009763532204878078
2025-01-08 09:25:26.323767808,0.01712337,0.010760297224217603
2025-01-08 09:25:26.333748992,0.01358443,0.011750187631644999
2025-01-08 09:25:26.343790080,0.02101892,0.012732667128551579
2025-01-08 09:25:26.353735936,0.03044063,0.013707208081573047
2025-01-08 09:25:26.363857152,0.0493753,0.014673291855019949
2025-01-08 09:25:26.373900800,0.07255566,0.01563040913554559
2025-01-08 09:25:26.383965952,0.06494501,0.0165780602488257
2025-01-08 09:25:26.394071040,0.03892767,0.017515755468031025
2025-01-08 09:25:26.403883008,0.02757001,0.01844301531388059
2025-01-08 09:25:26.413829120,0.03210381,0.019359370846070912
2025-01-08 09:25:26.431448064,0.0624513,0.020264363945882765
2025-01-08 09:25:26.433940992,0.06514615,0.021157547589775217
2025-01-08 09:25:26.443872000,0.05630437,0.022038486113783413
2025-01-08 09:25:26.454009088,0.06812012,0.022906755468544433
2025-01-08 09:25:26.463875072,0.06826457,0.023761943464783185
2025-01-08 09:25:26.473937920,0.04487994,0.02460365000909804
2025-01-08 09:25:26.483869184,0.04790446,0.025431487329893643
2025-01-08 09:25:26.493868032,0.07545573,0.02624508019331684
2025-01-08 09:25:26.503962112,0.03853992,0.02704406610905919
2025-01-08 09:25:26.513920000,0.07831115,0.027828095525898048
2025-01-08 09:25:26.523869952,0.08438274,0.02859683201685643
2025-01-08 09:25:26.533958912,0.0451093,0.029349952453870214
2025-01-08 09:25:26.543930880,0.03568083,0.03008714717186002
2025-01-08 09:25:26.554376960,0.05992684,0.03080812012211223
2025-01-08 09:25:26.563988992,0.06572455,0.031512589014884906
2025-01-08 09:25:26.574107904,0.07618916,0.03220028545115956
2025-01-08 09:25:26.584100864,0.05532035,0.03287095504347151
2025-01-08 09:25:26.594818048,0.05227444,0.03352435752575808
2025-01-08 09:25:26.603986944,0.03221561,0.03416026685217365
2025-01-08 09:25:26.614233856,0.06133749,0.034778471284829304
2025-01-08 09:25:26.624098048,0.05158089,0.03537877347042296
2025-01-08 09:25:26.634269952,0.0469767,0.03596099050573581
2025-01-08 09:25:26.644162816,0.05188058,0.036524953991978006
2025-01-08 09:25:26.654267904,0.01456241,0.037070510077977153
2025-01-08 09:25:26.664350976,0.03184059,0.037597519492210615
2025-01-08 09:25:26.674065152,0.04807465,0.038105857563691774
2025-01-08 09:25:26.684140800,-0.00571114,0.038595414231729526
2025-01-08 09:25:26.694232064,0.07058308,0.03906609404458814
2025-01-08 09:25:26.704111104,0.0122745,0.039517816147084474
2025-01-08 09:25:26.714117120,0.07184723,0.039950514257166524
2025-01-08 09:25:26.724203008,0.15683776,0.040364136631527665
2025-01-08 09:25:26.734276096,0.00705222,0.040758646020317854
2025-01-08 09:25:26.744112128,0.01668024,0.04113401961102253
2025-01-08 09:25:26.754352128,0.01053412,0.04149024896158787
2025-01-08 09:25:26.764952064,-0.00111673,0.04182733992287941
2025-01-08 09:25:26.775783936,0.01609204,0.042145312550569115
2025-01-08 09:25:26.784295168,-0.01761283,0.042444201006554355
2025-01-08 09:25:26.794432000,-0.05947448,0.042724053450020096
2025-01-08 09:25:26.804210944,-0.05522719,0.042984931918263386
2025-01-08 09:25:26.814387200,-0.01089231,0.04322691219740721
2025-01-08 09:25:26.824297984,-0.05434139,0.043450083683138206
2025-01-08 09:25:26.834408960,-0.0928397,0.0436545492316105
2025-01-08 09:25:26.844302848,-0.0271728,0.04384042500066562
2025-01-08 09:25:26.854510080,-0.07482568,0.04400784028152439
2025-01-08 09:25:26.864264960,-0.11896131,0.04415693732111567
2025-01-08 09:25:26.874386176,-0.09157933,0.04428787113521303
2025-01-08 09:25:26.884165888,-0.10108814,0.04440080931255603
2025-01-08 09:25:26.894238976,-0.06322865,0.0444959318101418
2025-01-08 09:25:26.904481024,0.04439601,0.04457343073987733
2025-01-08 09:25:26.914295040,0.01319222,0.04463351014678988
2025-01-08 09:25:26.924308992,0.0230207,0.04467638577899908
2025-01-08 09:25:26.934382848,0.01630337,0.04470228484966026
2025-01-08 09:25:26.944222976,-0.06250271,0.044711445791094026
2025-01-08 09:25:26.954231040,0.14379588,0.04470411800132361
2025-01-08 09:25:26.964396032,0.06250665,0.04468056158324572
2025-01-08 09:25:26.974553088,-0.00110374,0.0446410470766669
2025-01-08 09:25:26.984420096,0.06698094,0.04458585518344221
2025-01-08 09:25:26.994395136,0.05928344,0.04451527648595704
2025-01-08 09:25:27.009093120,-0.06671727,0.04442961115919903
2025-01-08 09:25:27.014533120,0.06053139,0.04432916867667021
2025-01-08 09:25:27.024422912,-0.14422694,0.044214267510393986
2025-01-08 09:25:27.034536960,0.10650644,0.04408523482527627
2025-01-08 09:25:27.044503040,0.14588758,0.043942406168082974
2025-01-08 09:25:27.054609152,-0.01535222,0.04378612515129949
2025-01-08 09:25:27.064718080,0.08809981,0.04361674313214304
2025-01-08 09:25:27.074689024,0.03995076,0.04343461888699886
2025-01-08 09:25:27.084609024,-0.18374506,0.04324011828155632
2025-01-08 09:25:27.094628096,0.1130833,0.04303361393692371
2025-01-08 09:25:27.104752896,0.08546922,0.04281548489200078
2025-01-08 09:25:27.114580992,-0.04749227,0.04258611626239315
2025-01-08 09:25:27.124585984,0.12771261,0.042345898896152326
2025-01-08 09:25:27.134695168,0.05399737,0.042095229026627975
2025-01-08 09:25:27.144480000,0.09066668,0.041834507922720456
2025-01-08 09:25:27.154427136,0.11507532,0.04156414153682243
2025-01-08 09:25:27.164535040,-0.10941669,0.041284540150739936
2025-01-08 09:25:27.174679040,0.07559559,0.040996118019883274
2025-01-08 09:25:27.184509952,0.12336496,0.04069929301601996
2025-01-08 09:25:27.194529024,-0.03393093,0.04039448626888043
2025-01-08 09:25:27.204570112,0.11615878,0.04008212180690896
2025-01-08 09:25:27.214447872,0.02158642,0.039762626197451155
2025-01-08 09:25:27.224558080,0.11190635,0.03943642818666892
2025-01-08 09:25:27.234565120,0.17409247,0.03910395833947366
2025-01-08 09:25:27.244521984,-0.06906337,0.03876564867976707
2025-01-08 09:25:27.254472960,0.06885827,0.03842193233127825
2025-01-08 09:25:27.264784128,0.04883993,0.03807324315928383
2025-01-08 09:25:27.274707968,-0.02856305,0.03772001541349691
2025-01-08 09:25:27.284611840,0.12683934,0.037362683372408535
2025-01-08 09:25:27.294670080,0.09722486,0.037001680989363
2025-01-08 09:25:27.304718848,0.00294653,0.03663744154064653
2025-01-08 09:25:27.314647808,0.08030868,0.036270397275866395
2025-01-08 09:25:27.324516096,0.12123415,0.03590097907089414
2025-01-08 09:25:27.334691072,0.04093182,0.035529616083644855
2025-01-08 09:25:27.346792960,0.0605951,0.035156735412959564
2025-01-08 09:25:27.354801920,0.05646902,0.03478276176085627
2025-01-08 09:25:27.365768960,-0.01180595,0.03440811709841037
2025-01-08 09:25:27.374639104,0.04773077,0.03403322033552227
2025-01-08 09:25:27.384794112,0.04618335,0.03365848699482461
2025-01-08 09:25:27.394601984,0.00231877,0.03328432888997955
2025-01-08 09:25:27.404583936,0.02006006,0.03291115380860974
2025-01-08 09:25:27.414705152,0.02094892,0.032539365200104475
2025-01-08 09:25:27.424877056,0.00767615,0.032169361868535536
2025-01-08 09:25:27.434571008,0.00865811,0.03180153767091384
2025-01-08 09:25:27.444841984,-0.01785806,0.031436281221012455
2025-01-08 09:25:27.454798848,-0.01482576,0.031073975598975987
2025-01-08 09:25:27.464664064,-0.05907416,0.03071499806693109
2025-01-08 09:25:27.474697984,-0.028714,0.03035971979080804
2025-01-08 09:25:27.484476160,0.01328674,0.03000850556857527
2025-01-08 09:25:27.494795008,-0.00013325,0.029661713565086286
2025-01-08 09:25:27.504828928,0.01431647,0.02931969505372859
2025-01-08 09:25:27.514884096,-0.01203412,0.028982794165061568
2025-01-08 09:25:27.524720896,-0.00410172,0.028651347642620423
2025-01-08 09:25:27.534853888,-0.01675662,0.028325684606060334
2025-01-08 09:25:27.544889856,-0.0024938,0.0280061263218055
2025-01-08 09:25:27.554850048,0.00141761,0.027692985981362564
2025-01-08 09:25:27.564876032,0.00421536,0.027386568487450625
2025-01-08 09:25:27.574907136,0.01456258,0.027087170248093543
2025-01-08 09:25:27.584833024,0.00692287,0.026795078978811896
2025-01-08 09:25:27.594755840,0.04178974,0.026510573513046864
2025-01-08 09:25:27.604919808,0.04639593,0.026233923620939195
2025-01-08 09:25:27.614950912,0.02682182,0.02596538983658007
2025-01-08 09:25:27.625884928,0.04888856,0.025705223293843085
2025-01-08 09:25:27.634779904,0.06120455,0.025453665570899158
2025-01-08 09:25:27.644925184,0.04449698,0.025210948543508537
2025-01-08 09:25:27.654881024,0.04371956,0.02497729424717633
2025-01-08 09:25:27.664844032,0.05945933,0.02475291474825102
2025-01-08 09:25:27.674955008,0.06159964,0.024538012024036958
2025-01-08 09:25:27.684768000,0.07570791,0.024332777851984375
2025-01-08 09:25:27.694946048,0.06383285,0.02413739370801286
2025-01-08 09:25:27.705032960,0.05054772,0.023952030674016415
2025-01-08 09:25:27.715068160,0.07449454,0.023776849354590592
2025-01-08 09:25:27.724928000,0.07208204,0.023611999803013116
2025-01-08 09:25:27.735083008,0.02827701,0.023457621456504384
2025-01-08 09:25:27.744898048,0.06763324,0.02331384308078276
2025-01-08 09:25:27.755012096,0.10294855,0.023180782723925028
2025-01-08 09:25:27.765003008,0.06252363,0.023058547679532793
2025-01-08 09:25:27.774909952,0.0503031,0.02294723445919779
2025-01-08 09:25:27.785058048,0.06046692,0.02284692877425267
2025-01-08 09:25:27.795100928,0.03270146,0.022757705526784612
2025-01-08 09:25:27.804918016,0.06844416,0.022679628809881863
2025-01-08 09:25:27.814939904,0.04957017,0.02261275191707657
2025-01-08 09:25:27.824881920,0.04095903,0.022557117360938555
2025-01-08 09:25:27.834971904,0.05975482,0.022512756900767227
2025-01-08 09:25:27.845021952,0.04598531,0.02247969157932246
2025-01-08 09:25:27.854987008,0.08619574,0.02245793176852666
2025-01-08 09:25:27.865041920,0.09158814,0.02244747722406344
2025-01-08 09:25:27.875129088,0.07255861,0.022448317148790992
2025-01-08 09:25:27.884934912,0.05647841,0.022460430264881766
2025-01-08 09:25:27.895059200,0.07544734,0.022483784894591317
2025-01-08 09:25:27.905164032,0.08992299,0.022518339049554515
2025-01-08 09:25:27.915416832,0.06778474,0.02256404052849844
2025-01-08 09:25:27.925036800,0.0688605,0.02262082702325581
2025-01-08 09:25:27.935158016,0.02934161,0.022688626232955745
2025-01-08 09:25:27.945199872,0.04859383,0.022767355986261978
2025-01-08 09:25:27.955523072,0.10380438,0.022856924371523
2025-01-08 09:25:27.965244928,0.07233992,0.022957229874690864
2025-01-08 09:25:27.975186176,0.08307057,0.023068161524861994
2025-01-08 09:25:27.985104128,0.08715901,0.023189599047283325
2025-01-08 09:25:27.995387904,0.08706775,0.023321413023666318
2025-01-08 09:25:28.006540032,0.08142634,0.023463465059640615
2025-01-08 09:25:28.015266048,0.10968558,0.02361560795917793
2025-01-08 09:25:28.025270016,0.03504044,0.023777685905808192
2025-01-08 09:25:28.035232000,0.01500168,0.02394953465044726
2025-01-08 09:25:28.045114112,-0.00311832,0.02413098170564838
2025-01-08 09:25:28.054960896,-0.05431981,0.02432184654608647
2025-01-08 09:25:28.065025024,-0.08136883,0.024521940815078632
2025-01-08 09:25:28.075151872,-0.04050295,0.02473106853693993
2025-01-08 09:25:28.085249024,-0.09396446,0.024949026334969763
2025-01-08 09:25:28.095233024,-0.09162895,0.025175603654859068
2025-01-08 09:25:28.105312000,-0.05780613,0.025410582993305692
2025-01-08 09:25:28.115297024,-0.12413067,0.02565374013162066
2025-01-08 09:25:28.125132032,-0.13096651,0.025904844374105354
2025-01-08 09:25:28.135284992,-0.09831589,0.026163658790975212
2025-01-08 09:25:28.145236992,-0.11381523,0.026429940465603614
2025-01-08 09:25:28.155250944,-0.00532124,0.026703440745855855
2025-01-08 09:25:28.165240064,0.09860822,0.026983905499280397
2025-01-08 09:25:28.175329024,0.13173306,0.027271075371922724
2025-01-08 09:25:28.185283840,0.03237614,0.02756468605052391
2025-01-08 09:25:28.195368960,-0.03152,0.02786446852786437
2025-01-08 09:25:28.205281024,-0.09849231,0.028170149371011734
2025-01-08 09:25:28.215321088,-0.1623078,0.028481450992228853
2025-01-08 09:25:28.225178880,-0.06139811,0.0287980919222982
2025-01-08 09:25:28.235351040,0.29718739,0.029119787086015734
2025-01-08 09:25:28.245382144,0.15639795,0.029446248079607922
2025-01-08 09:25:28.255346176,0.00613563,0.029777183449823864
2025-01-08 09:25:28.265403136,0.05027777,0.03011229897445398
2025-01-08 09:25:28.275265024,-0.04411435,0.030451297944025922
2025-01-08 09:25:28.285208064,-0.12101787,0.030793881444429693
2025-01-08 09:25:28.295366144,-0.00055841,0.03113974864022151
2025-01-08 09:25:28.305401088,0.26600409,0.03148859705835862
2025-01-08 09:25:28.315552000,0.06527689,0.031840122872115795
2025-01-08 09:25:28.325371904,0.10348327,0.03219402118493642
2025-01-08 09:25:28.335338240,-0.0913035,0.03254998631397051
2025-01-08 09:25:28.345341952,0.0670101,0.03290771207305433
2025-01-08 09:25:28.355456000,0.20203835,0.03326689205488669
2025-01-08 09:25:28.365374208,-0.10373136,0.03362721991215888
2025-01-08 09:25:28.375354112,0.1610432,0.033988389637396726
2025-01-08 09:25:28.385447936,0.15538138,0.03435009584127519
2025-01-08 09:25:28.395651072,-0.02833959,0.034712034029168615
2025-01-08 09:25:28.405353984,0.10441458,0.03507390087569977
2025-01-08 09:25:28.415621888,0.02610108,0.035435394497057494
2025-01-08 09:25:28.425528064,-0.01969302,0.035796214720850435
2025-01-08 09:25:28.435623936,0.13519922,0.03615606335327145
2025-01-08 09:25:28.445488896,-0.03268987,0.036514644443347566
2025-01-08 09:25:28.455408128,-0.00730172,0.036871664544055195
2025-01-08 09:25:28.465483008,0.14677733,0.03722683297008292
2025-01-08 09:25:28.475367936,-0.03280306,0.03757986205202783
2025-01-08 09:25:28.485435904,0.0752815,0.03793046738681568
2025-01-08 09:25:28.495553024,0.11746791,0.038278368084138495
2025-01-08 09:25:28.505521152,0.01183996,0.03862328700870784
2025-01-08 09:25:28.515501056,0.07843536,0.0389649510181255
2025-01-08 09:25:28.525645056,0.103212,0.03930309119617885
2025-01-08 09:25:28.535345920,-0.02279899,0.039637443081372015
2025-01-08 09:25:28.545566208,0.10135412,0.03996774689050843
2025-01-08 09:25:28.555574784,0.08129075,0.040293747737146376
2025-01-08 09:25:28.565325056,-0.00582772,0.040615195844752844
2025-01-08 09:25:28.575521024,0.09015837,0.04093184675438714
2025-01-08 09:25:28.585573888,0.02891019,0.04124346152675067
2025-01-08 09:25:28.595575040,0.02863434,0.041549806938444435
2025-01-08 09:25:28.605380096,0.07964844,0.041850655672281814
2025-01-08 09:25:28.615539200,0.07010552,0.0421457865015098
2025-01-08 09:25:28.625716992,0.06854838,0.042434984467797136
2025-01-08 09:25:28.636017920,0.08262426,0.042718041052854504
2025-01-08 09:25:28.645519104,0.07008871,0.04299475434355684
2025-01-08 09:25:28.655531008,0.03388441,0.04326492919044559
2025-01-08 09:25:28.665572864,0.01915637,0.04352837735949241
2025-01-08 09:25:28.675610112,0.02620682,0.04378491767701497
2025-01-08 09:25:28.685745920,-0.04593027,0.04403437616763941
2025-01-08 09:25:28.695548160,-0.02401319,0.04427658618521173
2025-01-08 09:25:28.705758208,0.02617332,0.044511388536567
2025-01-08 09:25:28.715673088,-0.02073035,0.04473863159807034
2025-01-08 09:25:28.725485056,-0.02223414,0.04495817142485246
2025-01-08 09:25:28.735553024,-0.01139265,0.04516987185266732
2025-01-08 09:25:28.745645056,-0.0461297,0.04537360459230656
2025-01-08 09:25:28.756151808,0.00054264,0.04556924931651366
2025-01-08 09:25:28.765527040,-0.00178355,0.0457566937393446
2025-01-08 09:25:28.775892992,0.01479068,0.045935833687931596
2025-01-08 09:25:28.785765888,0.03679922,0.04610657316661152
2025-01-08 09:25:28.796160000,0.0158442,0.046268824413387755
2025-01-08 09:25:28.806060032,0.03044835,0.04642250794870126
2025-01-08 09:25:28.816206848,0.04198888,0.046567552616494035
2025-01-08 09:25:28.825740032,0.03003579,0.04670389561755364
2025-01-08 09:25:28.835921152,0.04710174,0.04683148253513553
2025-01-08 09:25:28.845789952,0.02737522,0.04695026735286593
2025-01-08 09:25:28.855917824,0.04943419,0.04706021246493609
2025-01-08 09:25:28.865801984,0.05090788,0.04716128867860314
2025-01-08 09:25:28.876115968,0.01896447,0.047253475209022316
2025-01-08 09:25:28.885808896,0.05344161,0.047336759666439986
2025-01-08 09:25:28.895550976,0.07021597,0.047411138035784554
2025-01-08 09:25:28.905715968,0.06780764,0.047476614648698436
2025-01-08 09:25:28.915857920,0.05935571,0.04753320214806147
2025-01-08 09:25:28.925905920,0.08016622,0.047580921445061625
2025-01-08 09:25:28.935909888,0.04547137,0.04761980166887674
2025-01-08 09:25:28.945928192,0.03868914,0.04764988010903575
2025-01-08 09:25:28.955718912,0.06134632,0.04767120215053552
2025-01-08 09:25:28.965944064,0.0724465,0.04768382120179486
2025-01-08 09:25:28.975943168,0.06905872,0.04768779861553353
2025-01-08 09:25:28.985974016,0.07937393,0.047683203602670324
2025-01-08 09:25:28.995958016,0.07750058,0.04767011313933956
2025-01-08 09:25:29.005889792,0.07185185,0.047648611867132776
2025-01-08 09:25:29.016078080,0.09151754,0.047618791986675235
2025-01-08 09:25:29.025942016,0.04117647,0.04758075314465608
2025-01-08 09:25:29.035783168,0.05224994,0.04753460231443315
2025-01-08 09:25:29.045816832,0.0625833,0.04748045367034091
2025-01-08 09:25:29.055938048,0.06047547,0.04741842845583466
2025-01-08 09:25:29.065822976,0.08402032,0.0473486548456091
2025-01-08 09:25:29.075964928,0.08776417,0.047271267801833626
2025-01-08 09:25:29.086042880,0.05945939,0.04718640892465376
2025-01-08 09:25:29.096962816,0.09264973,0.047094226297110346
2025-01-08 09:25:29.106076928,0.05008048,0.04699487432463368
2025-01-08 09:25:29.115948032,0.10796246,0.04688851356927512
2025-01-08 09:25:29.126025984,0.08050227,0.04677531057884071
2025-01-08 09:25:29.136018944,0.04131362,0.046655437711098265
2025-01-08 09:25:29.146042112,0.08291058,0.04652907295323031
2025-01-08 09:25:29.155909120,0.08364679,0.046396399736711606
2025-01-08 09:25:29.166064896,0.10387291,0.046257606747791905
2025-01-08 09:25:29.175880960,0.07768695,0.04611288773376904
2025-01-08 09:25:29.186088960,0.07173222,0.04596244130523961
2025-01-08 09:25:29.195862016,0.05781747,0.045806470734519204
2025-01-08 09:25:29.206087168,0.03403573,0.045645183750425034
2025-01-08 09:25:29.216046080,0.09003847,0.045478792329618725
2025-01-08 09:25:29.225889024,0.08906166,0.045307512484707296
2025-01-08 09:25:29.236092928,0.06091342,0.045131564049304816
2025-01-08 09:25:29.247970048,0.06793125,0.04495117046025814
2025-01-08 09:25:29.256530944,0.07525468,0.04476655853724233
2025-01-08 09:25:29.266432000,0.00412689,0.04457795825993347
2025-01-08 09:25:29.275998976,0.04455031,0.04438560254296801
2025-01-08 09:25:29.286187008,0.00255709,0.04418972700889909
2025-01-08 09:25:29.296112128,-0.0452384,0.043990569759362226
2025-01-08 09:25:29.306246144,0.05505708,0.04378837114466229
2025-01-08 09:25:29.316139008,0.01801002,0.04358337353199641
2025-01-08 09:25:29.326039040,0.00113579,0.0433758210725267
2025-01-08 09:25:29.336212992,0.03670834,0.043165959467518264
2025-01-08 09:25:29.346219008,-0.04831176,0.0429540357337564
2025-01-08 09:25:29.356008960,-0.13352175,0.042740297968460114
2025-01-08 09:25:29.366092032,-0.09625517,0.042524995113905395
2025-01-08 09:25:29.376421888,-0.17035985,0.042308376721974114
2025-01-08 09:25:29.386099968,-0.10312074,0.042090692718842616
2025-01-08 09:25:29.396265984,0.0036754,0.04187219317002358
2025-01-08 09:25:29.406200832,0.07652524,0.04165312804597439
2025-01-08 09:25:29.416201984,0.09482721,0.0414337469884835
2025-01-08 09:25:29.426223872,-0.00170617,0.041214299078045254
2025-01-08 09:25:29.436177920,-0.04322356,0.04099503260243294
2025-01-08 09:25:29.446163968,-0.09405471,0.04077619482667646
2025-01-08 09:25:29.456258048,-0.19265988,0.04055803176465206
2025-01-08 09:25:29.466222080,0.06085559,0.04034078795248611
2025-01-08 09:25:29.476293120,0.21497503,0.04012470622397577
2025-01-08 09:25:29.486249984,0.14903289,0.03991002748822574
2025-01-08 09:25:29.496356864,0.09717023,0.039696990509697265
2025-01-08 09:25:29.506312960,0.13270622,0.039485831690864594
2025-01-08 09:25:29.516215040,-0.01844655,0.03927678485766932
2025-01-08 09:25:29.526289920,-0.23073715,0.039070081047961634
2025-01-08 09:25:29.536283904,-0.05527705,0.038865948303113323
2025-01-08 09:25:29.546171904,0.27111959,0.03866461146298473
2025-01-08 09:25:29.556148992,0.0791555,0.03846629196442375
2025-01-08 09:25:29.566232832,-0.03140189,0.038271207643471986
2025-01-08 09:25:29.576281088,0.10918263,0.038079572541448996
2025-01-08 09:25:29.586206976,-0.05712377,0.037891596715081986
2025-01-08 09:25:29.596488960,0.01091327,0.037707486050843335
2025-01-08 09:25:29.606287872,0.02504463,0.03752744208365601
2025-01-08 09:25:29.616430080,0.09314238,0.037351661820120244
2025-01-08 09:25:29.626349824,0.0717494,0.03718033756641252
2025-01-08 09:25:29.636351232,-0.031075,0.03701365676100191
2025-01-08 09:25:29.646405888,0.14131138,0.036851801812324586
2025-01-08 09:25:29.656455936,0.06561673,0.03669494994155297
2025-01-08 09:25:29.666466048,-0.01527131,0.036543273030590004
2025-01-08 09:25:29.676409088,0.17789385,0.03639693747541531
2025-01-08 09:25:29.686397184,-0.10746041,0.03625610404490347
2025-01-08 09:25:29.696377088,0.01073658,0.03612092774523056
2025-01-08 09:25:29.706452992,0.23118451,0.03599155768997949
2025-01-08 09:25:29.716396032,0.07557189,0.03586813697604812
2025-01-08 09:25:29.726365184,0.12980732,0.035750802565461155
2025-01-08 09:25:29.736466944,0.11145353,0.03563968517317819
2025-01-08 09:25:29.746370048,-0.01312056,0.03553490916098706
2025-01-08 09:25:29.756408832,0.03255165,0.03543659243756483
2025-01-08 09:25:29.766260992,0.0679225,0.035344846364782856
2025-01-08 09:25:29.776224000,-0.062884,0.0352597756703272
2025-01-08 09:25:29.786577920,0.11519352,0.03518147836669919
2025-01-08 09:25:29.796308992,0.13404754,0.035110045676655204
2025-01-08 09:25:29.806333952,0.00411102,0.035045561965138944
2025-01-08 09:25:29.816550144,0.06283435,0.03498810467775311
2025-01-08 09:25:29.826512128,0.06250483,0.0349377442858116
2025-01-08 09:25:29.836476928,-0.04048452,0.03489454423800715
2025-01-08 09:25:29.846342144,0.02310029,0.034858560918723434
2025-01-08 09:25:29.858646016,0.08105734,0.034829843613014284
2025-01-08 09:25:29.866646016,0.06896782,0.03480843447826698
2025-01-08 09:25:29.877679104,0.09123853,0.03479436852255949
2025-01-08 09:25:29.886759936,0.05791938,0.034787673589717176
2025-01-08 09:25:29.896628992,0.04834878,0.034788370351066474
2025-01-08 09:25:29.906532096,0.0777947,0.03479647230387796
2025-01-08 09:25:29.916461056,0.03699064,0.03481198577648544
2025-01-08 09:25:29.926618112,0.04636401,0.034834909940060894
2025-01-08 09:25:29.936688896,0.1187022,0.03486523682701932
2025-01-08 09:25:29.946588160,0.1206702,0.034902951356021644
2025-01-08 09:25:29.957122048,0.00897157,0.03494803136353859
2025-01-08 09:25:29.966407168,0.04310927,0.035000447641930534
2025-01-08 09:25:29.976594944,0.02532545,0.035060163983995356
2025-01-08 09:25:29.986691840,0.00299981,0.03512713723392756
2025-01-08 09:25:29.996581120,0.07846072,0.03520131734462864
2025-01-08 09:25:30.006572032,0.04269499,0.035282647441301475
2025-01-08 09:25:30.016824064,-0.00263846,0.03537106389125663
2025-01-08 09:25:30.026663168,-0.04812548,0.035466496379852684
2025-01-08 09:25:30.036480000,-0.07887736,0.035568867992487464
2025-01-08 09:25:30.046746112,-0.0107868,0.03567809530255153
2025-01-08 09:25:30.056718080,-0.0128291,0.0357940884652498
2025-01-08 09:25:30.066695936,0.01137596,0.03591675131719286
2025-01-08 09:25:30.076797952,0.02901059,0.03604598148165321
2025-01-08 09:25:30.086606080,0.02793503,0.036181670479377974
2025-01-08 09:25:30.096841984,0.04163462,0.03632370384484375
2025-01-08 09:25:30.106713088,0.05416021,0.03647196124783523
2025-01-08 09:25:30.116880896,0.03918087,0.03662631662022395
2025-01-08 09:25:30.126731008,0.01501921,0.036786638287820014
2025-01-08 09:25:30.136980992,0.01699546,0.036952789107163604
2025-01-08 09:25:30.146786048,0.00983584,0.03712462660712114
2025-01-08 09:25:30.156837888,0.02430806,0.03730200313514426
2025-01-08 09:25:30.166692864,0.02539039,0.03748476600804812
2025-01-08 09:25:30.176748032,0.03686011,0.03767275766715952
2025-01-08 09:25:30.186841088,0.04900333,0.03786581583768403
2025-01-08 09:25:30.196669184,0.06222826,0.03806377369213525
2025-01-08 09:25:30.206819072,0.09447706,0.03826646001766777
2025-01-08 09:25:30.216909056,0.08222225,0.0384736993871513
2025-01-08 09:25:30.226583040,0.08427688,0.038685312333820075
2025-01-08 09:25:30.236792064,0.08178923,0.03890111552932996
2025-01-08 09:25:30.246644992,0.06680918,0.0391209219650511
2025-01-08 09:25:30.256800000,0.05950415,0.03934454113642245
2025-01-08 09:25:30.266848000,0.08816642,0.03957177923019229
2025-01-08 09:25:30.276812032,0.05701557,0.03980243931436496
2025-01-08 09:25:30.287005952,0.05350009,0.0400363215306741
2025-01-08 09:25:30.296854016,0.07407203,0.040273223289398905
2025-01-08 09:25:30.306937856,0.06601,0.04051293946633853
2025-01-08 09:25:30.316977152,0.08333051,0.040755262601758935
2025-01-08 09:25:30.326738176,0.06112775,0.0409999831011238
2025-01-08 09:25:30.336823040,0.04588774,0.04124688943742087
2025-01-08 09:25:30.346875904,0.05653051,0.041495768354893374
2025-01-08 09:25:30.356944128,0.04608622,0.041746405073984666
2025-01-08 09:25:30.366877184,0.05092111,0.04199858349730561
2025-01-08 09:25:30.376920064,0.07528791,0.04225208641643058
2025-01-08 09:25:30.387068160,0.07117194,0.042506695719330204
2025-01-08 09:25:30.396819200,0.06439087,0.04276219259824701
2025-01-08 09:25:30.407038976,0.07189178,0.043018357757821056
2025-01-08 09:25:30.416860160,0.10127634,0.043274971623271846
2025-01-08 09:25:30.427000064,0.08716771,0.04353181454844426
2025-01-08 09:25:30.436974080,0.03315046,0.04378866702352569
2025-01-08 09:25:30.447001856,0.09348083,0.04404530988224211
2025-01-08 09:25:30.456859136,0.05985117,0.044301524508343
2025-01-08 09:25:30.467030016,0.06232534,0.0445570930411842
2025-01-08 09:25:30.476994048,0.09985334,0.044811798580220163
2025-01-08 09:25:30.487211008,0.07616916,0.045065425388217964
2025-01-08 09:25:30.497186816,0.07449532,0.04531775909300687
2025-01-08 09:25:30.507123968,0.03451194,0.04556858688757901
2025-01-08 09:25:30.517127936,0.10472745,0.04581769772835853
2025-01-08 09:25:30.527021824,0.11864337,0.046064882531458295
2025-01-08 09:25:30.537101056,0.07315962,0.04630993436674618
2025-01-08 09:25:30.547322112,0.04517771,0.04655264864954419
2025-01-08 09:25:30.557051904,0.12464917,0.04679282332978663
2025-01-08 09:25:30.567176192,0.09958823,0.047030259078466516
2025-01-08 09:25:30.577001216,0.04867221,0.04726475947120151
2025-01-08 09:25:30.587081984,0.03461435,0.04749613116875406
2025-01-08 09:25:30.597110016,0.10301116,0.04772418409434309
2025-01-08 09:25:30.607103232,0.01057184,0.04794873160758838
2025-01-08 09:25:30.617115904,-5.7e-05,0.04816959067493161
2025-01-08 09:25:30.627110912,0.06436201,0.04838658203638096
2025-01-08 09:25:30.637011968,-0.01153366,0.04859953036843229
2025-01-08 09:25:30.647218944,0.02305873,0.04880826444301937
2025-01-08 09:25:30.656935936,0.0414696,0.04901261728235426
2025-01-08 09:25:30.667499008,-0.02774055,0.04921242630951959
2025-01-08 09:25:30.677520896,-0.0162623,0.04940753349467941
2025-01-08 09:25:30.687145984,-0.06439777,0.04959778549678062
2025-01-08 09:25:30.697179136,-0.11726637,0.04978303380061994
2025-01-08 09:25:30.707299072,-0.09938844,0.04996313484915662
2025-01-08 09:25:30.717222912,-0.14389855,0.050137950170955375
2025-01-08 09:25:30.727077888,-0.15807933,0.0503073465026485
2025-01-08 09:25:30.737221120,-0.08006726,0.050471195906311696
2025-01-08 09:25:30.747427840,0.14130947,0.05062937588165165
2025-01-08 09:25:30.757131008,0.16858637,0.05078176947290957
2025-01-08 09:25:30.767194112,-0.00298942,0.05092826537038919
2025-01-08 09:25:30.777082880,-0.01433295,0.05106875800652314
2025-01-08 09:25:30.787159808,0.02458264,0.05120314764639635
2025-01-08 09:25:30.797240064,-0.00590263,0.051331340472651366
2025-01-08 09:25:30.807041792,-0.0086637,0.051453248664703556
2025-01-08 09:25:30.817278976,0.024732,0.05156879047220317
2025-01-08 09:25:30.827363072,-0.10554389,0.05167789028268228
2025-01-08 09:25:30.837285120,0.09951316,0.051780478683333686
2025-01-08 09:25:30.847341056,0.21306439,0.051876492516872284
2025-01-08 09:25:30.857323776,-0.0177912,0.05196587493143568
2025-01-08 09:25:30.867054080,0.0049511,0.05204857542448621
2025-01-08 09:25:30.877289984,0.12995543,0.052124549880682186
2025-01-08 09:25:30.887185152,0.02222146,0.05219376060369199
2025-01-08 09:25:30.897305856,0.13693413,0.05225617634192921
2025-01-08 09:25:30.907497984,-0.03481288,0.052311772308194796
2025-01-08 09:25:30.917452032,-0.00170046,0.05236053019321523
2025-01-08 09:25:30.927313152,0.0895187,0.05240243817307331
2025-01-08 09:25:30.937305088,-0.0874334,0.0524374909105333
2025-01-08 09:25:30.947389952,0.16786537,0.052465689550267154
2025-01-08 09:25:30.957221120,0.11259842,0.05248704170799478
2025-01-08 09:25:30.967386112,0.08371478,0.052501561453556965
2025-01-08 09:25:30.977367040,-0.02702302,0.05250926928794521
2025-01-08 09:25:30.987504896,-0.01006776,0.05251019211431714
2025-01-08 09:25:30.997387776,0.18616238,0.05250436320303364
2025-01-08 09:25:31.007180032,0.07204655,0.05249182215075743
2025-01-08 09:25:31.017286912,0.07420027,0.05247261483365974
2025-01-08 09:25:31.027555072,0.15542948,0.052446793354785935
2025-01-08 09:25:31.038199040,0.0679861,0.05241441598563709
2025-01-08 09:25:31.047468032,0.01804525,0.05237554710202936
2025-01-08 09:25:31.057362944,0.08827007,0.05233025711429875
2025-01-08 09:25:31.067502848,0.09803882,0.05227862239192268
2025-01-08 09:25:31.077303040,0.05053148,0.05222072518263699
2025-01-08 09:25:31.087529984,0.06298649,0.052156653526129824
2025-01-08 09:25:31.097510144,0.06676504,0.05208650116240023
2025-01-08 09:25:31.107488000,0.17298153,0.05201036743487346
2025-01-08 09:25:31.117445120,0.07088348,0.05192835718836967
2025-01-08 09:25:31.127350016,0.01254064,0.05184058066202834
2025-01-08 09:25:31.137363968,0.1896303,0.0517471533772933
2025-01-08 09:25:31.147418880,0.08107194,0.05164819602106984
2025-01-08 09:25:31.157398016,-0.04069808,0.05154383432416882
2025-01-08 09:25:31.167493120,0.04609936,0.051434198935155814
2025-01-08 09:25:31.177329920,0.0805482,0.05131942528972988
2025-01-08 09:25:31.187547904,0.00699782,0.0511996534757582
2025-01-08 09:25:31.197541888,0.07257387,0.05107502809409825
2025-01-08 09:25:31.207496960,0.04292715,0.05094569811534204
2025-01-08 09:25:31.217467904,0.03375256,0.05081181673262082
2025-01-08 09:25:31.227514880,0.10994557,0.05067354121061278
2025-01-08 09:25:31.237585920,0.03199282,0.05053103273089849
2025-01-08 09:25:31.247628800,-0.0762873,0.05038445623381264
2025-01-08 09:25:31.257560064,-0.05547139,0.05023398025694444
2025-01-08 09:25:31.267576064,-0.09003481,0.050079776770440294
2025-01-08 09:25:31.277515776,-0.11536565,0.04992202100926695
2025-01-08 09:25:31.287527168,-0.0640339,0.0497608913025946
2025-01-08 09:25:31.297455104,0.04720691,0.04959656890046271
2025-01-08 09:25:31.307492864,0.06568548,0.04942923779789379
2025-01-08 09:25:31.317394944,0.01216418,0.049259084556621376
2025-01-08 09:25:31.327439104,0.04768729,0.04908629812460197
2025-01-08 09:25:31.337399040,0.0664092,0.04891106965348235
2025-01-08 09:25:31.347526144,0.03001383,0.048733592314193344
2025-01-08 09:25:31.357872128,0.03774795,0.0485540611108468
2025-01-08 09:25:31.367800064,0.03629917,0.0483726726931089
2025-01-08 09:25:31.377753088,0.02560121,0.04818962516722927
2025-01-08 09:25:31.387759872,0.03188437,0.04800511790590106
2025-01-08 09:25:31.397885184,0.04215106,0.04781935135713425
2025-01-08 09:25:31.407674112,0.02531365,0.04763252685231862
2025-01-08 09:25:31.418073856,0.0455946,0.047444846413659196
2025-01-08 09:25:31.427905024,0.10294229,0.047256512561163276
2025-01-08 09:25:31.437752064,0.11756366,0.04706772811936046
2025-01-08 09:25:31.447799808,0.10606527,0.0468786960239371
2025-01-08 09:25:31.457659904,0.08013248,0.04668961912846545
2025-01-08 09:25:31.467948800,0.07760125,0.046500700011408325
2025-01-08 09:25:31.477711872,0.07745406,0.046312140783579925
2025-01-08 09:25:31.487642880,0.06649175,0.04612414289624233
2025-01-08 09:25:31.497786112,0.04128873,0.04593690695001588
2025-01-08 09:25:31.507621888,0.05434775,0.04575063250478305
2025-01-08 09:25:31.517924096,0.07321781,0.04556551789076069
2025-01-08 09:25:31.527798016,0.07132316,0.045381760020918455
2025-01-08 09:25:31.537906944,0.07864386,0.04519955420491591
2025-01-08 09:25:31.547787008,0.08939257,0.04501909396473256
2025-01-08 09:25:31.557840128,0.10462508,0.044840570852160505
2025-01-08 09:25:31.567820032,0.06231284,0.044664174268330234
2025-01-08 09:25:31.577732096,0.04936099,0.04449009128543557
2025-01-08 09:25:31.587835904,0.11343309,0.04431850647082334
2025-01-08 09:25:31.598248960,0.07182828,0.04414960171361037
2025-01-08 09:25:31.607911936,0.05453709,0.04398355605398785
2025-01-08 09:25:31.618066944,0.09028876,0.04382054551537074
2025-01-08 09:25:31.627819008,0.1274648,0.04366074293954683
2025-01-08 09:25:31.637794048,0.06991875,0.04350431782497763
2025-01-08 09:25:31.647841024,0.05651304,0.043351436168399676
2025-01-08 09:25:31.657704960,0.12238544,0.04320226030987211
2025-01-08 09:25:31.667841792,0.09649613,0.04305694878141284
2025-01-08 09:25:31.677878016,0.02581108,0.042915656159362124
2025-01-08 09:25:31.687716096,0.11798029,0.042778532920609146
2025-01-08 09:25:31.697950976,0.10344402,0.042645725302813076
2025-01-08 09:25:31.707880960,0.09737015,0.04251737516874659
2025-01-08 09:25:31.718028032,0.14303043,0.04239361987488585
2025-01-08 09:25:31.728365056,0.11743584,0.04227459214436686
2025-01-08 09:25:31.737924096,0.05471715,0.04216041994442381
2025-01-08 09:25:31.748058112,0.05425487,0.0420512263684215
2025-01-08 09:25:31.757982976,0.08769825,0.0419471295225881
2025-01-08 09:25:31.770044928,0.14760095,0.04184824241755226
2025-01-08 09:25:31.777996032,0.10598291,0.04175467286478173
2025-01-08 09:25:31.789990912,0.11338434,0.04166652337801779
2025-01-08 09:25:31.798661120,0.08695539,0.04158389107979411
2025-01-08 09:25:31.808013824,0.04761795,0.04150686761312416
2025-01-08 09:25:31.818263040,-0.01518443,0.041435539058436936
2025-01-08 09:25:31.828099072,0.01768365,0.041369985855834686
2025-01-08 09:25:31.838466816,-0.02052169,0.04131028273274239
2025-01-08 09:25:31.848081152,-0.10670277,0.04125649863701357
2025-01-08 09:25:31.858063104,0.00298508,0.041208696675550875
2025-01-08 09:25:31.867955968,-0.01405581,0.04116693405849655
2025-01-08 09:25:31.877986816,-0.01590827,0.04113126204904061
2025-01-08 09:25:31.888045056,-0.01823474,0.04110172591889108
2025-01-08 09:25:31.898583040,-0.1159093,0.04107836490944421
2025-01-08 09:25:31.908145920,-0.1372174,0.04106121219868799
2025-01-08 09:25:31.918088960,-0.14129695,0.04105029487386585
2025-01-08 09:25:31.928105984,-0.15377216,0.041045633909924335
2025-01-08 09:25:31.938136064,-0.0726692,0.04104724415375979
2025-01-08 09:25:31.948173056,0.03114685,0.04105513431427702
2025-01-08 09:25:31.958196992,0.09562713,0.04106930695826526
2025-01-08 09:25:31.968072960,0.12095788,0.04108975851209237
2025-01-08 09:25:31.978099968,0.08271879,0.041116479269212525
2025-01-08 09:25:31.988132096,0.0231423,0.0411494534034772
2025-01-08 09:25:31.998177024,-0.06645477,0.04118865898823371
2025-01-08 09:25:32.008171008,-0.12602553,0.04123406802119128
2025-01-08 09:25:32.018269184,-0.08492409,0.04128564645502675
2025-01-08 09:25:32.028248064,0.12683663,0.04134335423370053
2025-01-08 09:25:32.038125056,0.12381462,0.0414071453344436
2025-01-08 09:25:32.048267008,0.18017817,0.04147696781537531
2025-01-08 09:25:32.058130944,0.08577076,0.04155276386870367
2025-01-08 09:25:32.068211968,0.0337287,0.04163446987945567
2025-01-08 09:25:32.078221056,0.04004413,0.04172201648968039
2025-01-08 09:25:32.088226048,-0.17238761,0.04181532866806166
2025-01-08 09:25:32.098301952,0.02965005,0.04191432578487326
2025-01-08 09:25:32.108146944,0.30776143,0.04201892169220301
2025-01-08 09:25:32.118351872,-0.05517657,0.04212902480936942
2025-01-08 09:25:32.128279040,0.00256416,0.04224453821344761
2025-01-08 09:25:32.138290944,0.03574359,0.04236535973481762
2025-01-08 09:25:32.148549120,0.04400212,0.04249138205764421
2025-01-08 09:25:32.158328064,0.26244017,0.04262249282519066
2025-01-08 09:25:32.168261120,-0.00989565,0.04275857474986701
2025-01-08 09:25:32.178855936,0.06790692,0.04289950572790683
2025-01-08 09:25:32.188328960,0.18121889,0.04304515895856374
2025-01-08 09:25:32.198235904,0.07667029,0.04319540306771388
2025-01-08 09:25:32.208344832,0.01122364,0.04335010223574674
2025-01-08 09:25:32.221112064,0.08263469,0.04350911632962304
2025-01-08 09:25:32.228377088,-0.00483996,0.04367230103897426
2025-01-08 09:25:32.238814976,0.14942861,0.04383950801611436
2025-01-08 09:25:32.248503808,0.03831327,0.044010585019831405
2025-01-08 09:25:32.258449152,0.04213741,0.044185376062823085
2025-01-08 09:25:32.268454144,0.07759455,0.044363721562635974
2025-01-08 09:25:32.278439168,-0.03686041,0.04454545849596616
2025-01-08 09:25:32.288475136,0.07075211,0.04473042055617579
2025-01-08 09:25:32.298496000,0.04088706,0.044918438313875826
2025-01-08 09:25:32.308395008,0.01508364,0.04510933938042445
2025-01-08 09:25:32.318543872,0.14744863,0.04530294857418579
2025-01-08 09:25:32.328381952,0.08351189,0.04549908808939332
2025-01-08 09:25:32.338323200,0.0581947,0.04569757766745738
2025-01-08 09:25:32.348485120,0.07142809,0.04589823477055688
2025-01-08 09:25:32.358576128,0.08579767,0.04610087475735009
2025-01-08 09:25:32.368485888,0.00134602,0.04630531106064042
2025-01-08 09:25:32.378465792,0.06011575,0.04651135536682918
2025-01-08 09:25:32.388457984,0.05220056,0.046718817796986264
2025-01-08 09:25:32.398499840,0.05912793,0.046927507089369186
2025-01-08 09:25:32.408435968,0.12045681,0.047137230783218034
2025-01-08 09:25:32.418519040,0.05750328,0.04734779540365384
2025-01-08 09:25:32.428510976,0.0411686,0.047559006647506376
2025-01-08 09:25:32.438461184,0.04158646,0.04777066956989696
2025-01-08 09:25:32.448492032,0.02155197,0.04798258877140034
2025-01-08 09:25:32.458539008,0.03063053,0.048194568585610754
2025-01-08 09:25:32.468499968,0.05337745,0.04840641326693465
2025-01-08 09:25:32.478565888,0.10858399,0.04861792717843479
2025-01-08 09:25:32.488516096,0.07009146,0.0488289149795488
2025-01-08 09:25:32.498680064,0.06894782,0.04903918181350555
2025-01-08 09:25:32.508524032,0.06416258,0.04924853349426398
2025-01-08 09:25:32.518615040,0.01819295,0.049456776692798396
2025-01-08 09:25:32.528526080,-0.02400288,0.049663719122555405
2025-01-08 09:25:32.538523904,0.00738439,0.04986916972390827
2025-01-08 09:25:32.548552960,-0.04388082,0.05007293884743578
2025-01-08 09:25:32.558999040,0.02125037,0.05027483843585283
2025-01-08 09:25:32.568572160,-0.01850149,0.05047468220442292
2025-01-08 09:25:32.578563072,-0.05419537,0.05067228581968199
2025-01-08 09:25:32.588585984,0.03499609,0.0508674670763068
2025-01-08 09:25:32.598669056,0.01441249,0.051060046071960845
2025-01-08 09:25:32.608707072,0.06143695,0.051249845379954334
2025-01-08 09:25:32.618725888,0.0299201,0.05143669021955542
2025-01-08 09:25:32.628648960,0.07010886,0.051620408623793204
2025-01-08 09:25:32.638564096,0.05185762,0.0518008316045944
2025-01-08 09:25:32.648605184,0.03802347,0.05197779331509868
2025-01-08 09:25:32.658552832,0.02489826,0.05215113120900022
2025-01-08 09:25:32.668690944,-0.00225735,0.052320686196765505
2025-01-08 09:25:32.678627072,0.01927346,0.05248630279858039
2025-01-08 09:25:32.688689920,0.03731993,0.052647829293882877
2025-01-08 09:25:32.698753024,0.05946136,0.052805117867340476
2025-01-08 09:25:32.708708096,0.05424348,0.052958024751135306
2025-01-08 09:25:32.718786048,0.03851989,0.0531064103634224
2025-01-08 09:25:32.728825088,0.09039977,0.05325013944283115
2025-01-08 09:25:32.738692096,0.08977336,0.053389081178883066
2025-01-08 09:25:32.748676096,0.08377942,0.053523109338203034
2025-01-08 09:25:32.758716160,0.07427812,0.05365210238640453
2025-01-08 09:25:32.768851968,0.0903323,0.0537759436055345
2025-01-08 09:25:32.778654208,0.10851762,0.05389452120696634
2025-01-08 09:25:32.788795904,0.08405885,0.054007728439634764
2025-01-08 09:25:32.798800896,0.05981374,0.05411546369350983
2025-01-08 09:25:32.808683008,0.09109542,0.054217630598212094
2025-01-08 09:25:32.819369984,0.10916135,0.05431413811667635
2025-01-08 09:25:32.828679936,0.10161945,0.0544049006337736
2025-01-08 09:25:32.838660096,0.08303836,0.05448983803980858
2025-01-08 09:25:32.848647168,0.06730056,0.05456887580881235
2025-01-08 09:25:32.858690048,0.07884574,0.05464194507155592
2025-01-08 09:25:32.868666880,0.06305036,0.054708982683215016
2025-01-08 09:25:32.878669056,0.04370418,0.054769931285621604
2025-01-08 09:25:32.888765184,0.08899197,0.05482473936404152
2025-01-08 09:25:32.898864128,0.06839392,0.054873361298425107
2025-01-08 09:25:32.908798976,0.05386174,0.05491575740907994
2025-01-08 09:25:32.918761984,0.10813937,0.0549518939967222
2025-01-08 09:25:32.928716032,0.10184062,0.05498174337686716
2025-01-08 09:25:32.938692096,0.0919542,0.05500528390852548
2025-01-08 09:25:32.950097920,0.04316369,0.05502250001717603
2025-01-08 09:25:32.958983936,0.04054305,0.05503338221199273
2025-01-08 09:25:32.969067008,0.08574909,0.05503792709730734
2025-01-08 09:25:32.978873088,0.11311913,0.055036137378295207
2025-01-08 09:25:32.988826112,0.12905923,0.05502802186087759
2025-01-08 09:25:32.998918144,0.03364216,0.055013595445838295
2025-01-08 09:25:33.008836096,0.1374983,0.05499287911715849
2025-01-08 09:25:33.018887168,0.11210041,0.054965899924578294
2025-01-08 09:25:33.028935936,0.07726589,0.054932690960400155
2025-01-08 09:25:33.038852096,0.04055302,0.05489329133055339
2025-01-08 09:25:33.049078016,0.0635611,0.05484774611994472
2025-01-08 09:25:33.059184128,0.17477113,0.05479610635212565
2025-01-08 09:25:33.069152000,0.08956058,0.0547384289433126
2025-01-08 09:25:33.079124992,0.12341234,0.05467477665079959
2025-01-08 09:25:33.089104896,0.11277384,0.05460521801581126
2025-01-08 09:25:33.099035904,0.06193696,0.054529827300846566
2025-01-08 09:25:33.109081856,0.06389161,0.05444868442156973
2025-01-08 09:25:33.119062016,0.00710772,0.054361874873310886
2025-01-08 09:25:33.129126144,0.02996712,0.05426948965224185
2025-01-08 09:25:33.139190016,0.04180725,0.05417162517129989
2025-01-08 09:25:33.149161984,-0.03661682,0.05406838317093523
2025-01-08 09:25:33.159183872,-0.05051194,0.05395987062476399
2025-01-08 09:25:33.169040896,-0.00933366,0.05384619964021263
2025-01-08 09:25:33.178957056,-0.02720407,0.05372748735424521
2025-01-08 09:25:33.189007872,-0.01713958,0.05360385582426801
2025-01-08 09:25:33.199075072,-0.02259783,0.0534754319143128
2025-01-08 09:25:33.209018880,0.00170535,0.05334234717660187
2025-01-08 09:25:33.219080960,-0.04465014,0.053204737728604665
2025-01-08 09:25:33.229015040,-0.08663364,0.053062744125698454
2025-01-08 09:25:33.239123968,-0.06109203,0.052916511229550656
2025-01-08 09:25:33.249037056,-0.00097679,0.05276618807234319
2025-01-08 09:25:33.259047936,0.04334049,0.05261192771696532
2025-01-08 09:25:33.269118976,-0.00076104,0.052453887113302664
2025-01-08 09:25:33.279074048,-0.01482891,0.05229222695075556
2025-01-08 09:25:33.289108992,-0.03525644,0.05212711150712328
2025-01-08 09:25:33.299264000,-0.09075738,0.05195870849399282
2025-01-08 09:25:33.309184000,-0.12744579,0.051787188898776475
2025-01-08 09:25:33.319062016,-0.07123105,0.051612726823543474
2025-01-08 09:25:33.329072896,0.10120638,0.051435499320795004
2025-01-08 09:25:33.339158016,0.12351381,0.05125568622633515
2025-01-08 09:25:33.349136128,0.07748415,0.051073469989392384
2025-01-08 09:25:33.359163136,0.06039376,0.05088903550014933
2025-01-08 09:25:33.369154048,0.02388851,0.05070256991484087
2025-01-08 09:25:33.379143936,0.04499842,0.05051426247858253
2025-01-08 09:25:33.389792000,0.08285291,0.05032430434609492
2025-01-08 09:25:33.399260160,0.01243146,0.050132888400489656
2025-01-08 09:25:33.409438976,0.0015399,0.04994020907028605
2025-01-08 09:25:33.419478016,-0.07643679,0.04974646214482889
2025-01-08 09:25:33.429195008,-0.21172236,0.04955184458827878
2025-01-08 09:25:33.439259904,0.15528587,0.04935655435234911
2025-01-08 09:25:33.449139968,0.29529625,0.04916079018796343
2025-01-08 09:25:33.459171072,0.09683558,0.04896475145600975
2025-01-08 09:25:33.469263104,0.19981609,0.04876863793736799
2025-01-08 09:25:33.479186176,0.07785904,0.048572649642388256
2025-01-08 09:25:33.489217024,-0.13629118,0.04837698661999787
2025-01-08 09:25:33.499353856,0.15045759,0.04818184876661618
2025-01-08 09:25:33.509742080,0.08905578,0.047987435635055094
2025-01-08 09:25:33.522128128,0.02476186,0.04779394624358589
2025-01-08 09:25:33.529652992,0.19919208,0.047601578885349355
2025-01-08 09:25:33.539219968,-0.01741382,0.047410530938289924
2025-01-08 09:25:33.549294848,-0.00013173,0.04722099867579065
2025-01-08 09:25:33.559159040,0.07798555,0.04703317707818811
2025-01-08 09:25:33.569340928,-0.01584625,0.0468472596453438
2025-01-08 09:25:33.579307008,0.21517587,0.04666343821044867
2025-01-08 09:25:33.589240064,0.05043745,0.04648190275523567
2025-01-08 09:25:33.599469056,0.04506719,0.04630284122677554
2025-01-08 09:25:33.609474816,0.18812126,0.04612643935602724
2025-01-08 09:25:33.619390976,0.04748696,0.04595288047831581
2025-01-08 09:25:33.629348096,0.04357535,0.04578234535590588
2025-01-08 09:25:33.639444224,0.11438119,0.04561501200284044
2025-01-08 09:25:33.649288960,0.05521894,0.04545105551220871
2025-01-08 09:25:33.659511040,-0.00780937,0.0452906478860089
2025-01-08 09:25:33.669428224,0.04349548,0.04513395786776565
2025-01-08 09:25:33.679415040,0.08907205,0.04498115077806286
2025-01-08 09:25:33.689403904,0.05407625,0.0448323883531465
2025-01-08 09:25:33.699985920,0.06897017,0.04468782858675315
2025-01-08 09:25:33.709517056,0.0821681,0.04454762557531381
2025-01-08 09:25:33.719464960,0.11662525,0.044411929366681306
2025-01-08 09:25:33.729374976,0.04124603,0.04428088581252633
2025-01-08 09:25:33.739443968,0.06439966,0.044154636424543106
2025-01-08 09:25:33.749475840,0.02215567,0.0440333182346032
2025-01-08 09:25:33.759427072,0.06726366,0.0439170636589917
2025-01-08 09:25:33.769512960,0.10118341,0.04380600036685688
2025-01-08 09:25:33.779460864,-0.0061664,0.04370025115300018
2025-01-08 09:25:33.789504000,-0.00142899,0.04359993381512983
2025-01-08 09:25:33.799598848,-0.02197167,0.04350516103569722
2025-01-08 09:25:33.809568000,0.00037336,0.043416040268430926
2025-01-08 09:25:33.819684864,0.02977225,0.04333267362967964
2025-01-08 09:25:33.829539072,0.07795084,0.04325515779466916
2025-01-08 09:25:33.839531008,0.08488536,0.04318358389877711
2025-01-08 09:25:33.849384192,0.05966207,0.04311803744392131
2025-01-08 09:25:33.859384064,0.08995783,0.0430585982101552
2025-01-08 09:25:33.869406976,-0.0027006,0.0430053401725583
2025-01-08 09:25:33.879461120,0.03424171,0.042958331423504886
2025-01-08 09:25:33.889373952,0.01600945,0.0429176341003888
2025-01-08 09:25:33.899473920,-0.01454532,0.04288330431887822
2025-01-08 09:25:33.909817856,0.01498306,0.04285539211176843
2025-01-08 09:25:33.919745024,0.00534272,0.04283394137349539
2025-01-08 09:25:33.929872896,0.00907499,0.04281898981036867
2025-01-08 09:25:33.939837952,0.02424768,0.04281056889657623
2025-01-08 09:25:33.949736192,0.0312185,0.04280870383600803
2025-01-08 09:25:33.959693824,0.02710909,0.042813413529941315
2025-01-08 09:25:33.969772032,0.01151553,0.04282471055062372
2025-01-08 09:25:33.979697920,0.02824894,0.04284260112078576
2025-01-08 09:25:33.989669120,0.0465779,0.0428670850991082
2025-01-08 09:25:33.999772928,0.04235849,0.04289815597166556
2025-01-08 09:25:34.009816832,0.05278519,0.042935800849358836
2025-01-08 09:25:34.019730944,0.09389162,0.0429800004713491
2025-01-08 09:25:34.029566976,0.1106669,0.043030729214493274
2025-01-08 09:25:34.039532032,0.08384413,0.04308795510878262
2025-01-08 09:25:34.049631232,0.10617474,0.04315163985877447
2025-01-08 09:25:34.060212992,0.08008981,0.04322173887100633
2025-01-08 09:25:34.069828864,0.08367747,0.04329820128737208
2025-01-08 09:25:34.079586048,0.0570218,0.043380970024437776
2025-01-08 09:25:34.089584128,0.02931866,0.043469981818666556
2025-01-08 09:25:34.099836160,0.05218807,0.04356516727751838
2025-01-08 09:25:34.109700864,0.07724583,0.04366645093638347
2025-01-08 09:25:34.119749120,0.06548119,0.043773751321304274
2025-01-08 09:25:34.129682176,0.08650193,0.04388698101743428
2025-01-08 09:25:34.139692032,0.09918806,0.04400604674317653
2025-01-08 09:25:34.149744128,0.09782389,0.044130849429941194
2025-01-08 09:25:34.159727104,0.10194874,0.04426128430745346
2025-01-08 09:25:34.169709056,0.09360841,0.0443972409945405
2025-01-08 09:25:34.179811840,0.04955894,0.04453860359531898
2025-01-08 09:25:34.189819136,0.01538047,0.044685250800701064
2025-01-08 09:25:34.199780864,0.08396003,0.04483705599513136
2025-01-08 09:25:34.209805056,0.13267076,0.044993887368461084
2025-01-08 09:25:34.219911168,0.03686452,0.04515560803286364
2025-01-08 09:25:34.229754880,0.10555759,0.045322076144687855
2025-01-08 09:25:34.239836928,0.14359036,0.04549314503114274
2025-01-08 09:25:34.249753088,0.05669993,0.045668663321702156
2025-01-08 09:25:34.259841792,0.11637795,0.04584847508411319
2025-01-08 09:25:34.269918976,0.09355715,0.046032419964887876
2025-01-08 09:25:34.279859968,0.09343214,0.046220333334153596
2025-01-08 09:25:34.289968128,0.09384744,0.04641204643473338
2025-01-08 09:25:34.299841792,0.07813545,0.04660738653532287
2025-01-08 09:25:34.309943808,0.08472013,0.04680617708762748
2025-01-08 09:25:34.319976960,0.08097252,0.04700823788731839
2025-01-08 09:25:34.329860096,0.10894236,0.047213385238663766
2025-01-08 09:25:34.339898112,0.11605172,0.04742143212268637
2025-01-08 09:25:34.349863936,0.13355689,0.04763218836869677
2025-01-08 09:25:34.359874048,0.09514333,0.04784546082904696
2025-01-08 09:25:34.369937920,0.09091769,0.04806105355694663
2025-01-08 09:25:34.379923200,0.12945195,0.04827876798718119
2025-01-08 09:25:34.389942016,0.14876354,0.04849840311956734
2025-01-08 09:25:34.399945984,0.07094616,0.04871975570498014
2025-01-08 09:25:34.410023936,0.06584614,0.04894262043378203
2025-01-08 09:25:34.419971840,0.01453333,0.049166790126481855
2025-01-08 09:25:34.430164992,-0.00098008,0.049392055926450885
2025-01-08 09:25:34.439960064,-0.03057617,0.049618207494518805
2025-01-08 09:25:34.449910016,-0.05856592,0.049845033205272296
2025-01-08 09:25:34.459955968,-0.04394485,0.05007232034487597
2025-01-08 09:25:34.469958144,-0.09581688,0.05029985531023447
2025-01-08 09:25:34.480032000,-0.14846119,0.050527423809312424
2025-01-08 09:25:34.489968128,-0.15249443,0.05075481106242827
2025-01-08 09:25:34.499943936,-0.14296433,0.05098180200433646
2025-01-08 09:25:34.510038016,-0.11496036,0.05120818148691109
2025-01-08 09:25:34.520482048,-0.03326726,0.051433734482244545
2025-01-08 09:25:34.530107136,0.12094791,0.05165824628597251
2025-01-08 09:25:34.540020992,0.08470113,0.0518815027206372
2025-01-08 09:25:34.549935104,0.00197738,0.0521032903389004
2025-01-08 09:25:34.559969024,0.019413,0.052323396626416774
2025-01-08 09:25:34.569905920,-0.04337005,0.05254161020417958
2025-01-08 09:25:34.580073216,-0.07966042,0.05275772103014928
2025-01-08 09:25:34.590057984,-0.09496352,0.05297152059997751
2025-01-08 09:25:34.600142080,-0.09533734,0.05318280214663838
2025-01-08 09:25:34.610275072,-0.01438024,0.05339136083878047
2025-01-08 09:25:34.620145920,0.09745042,0.05359699397761303
2025-01-08 09:25:34.630203904,0.15608257,0.05379950119214195
2025-01-08 09:25:34.640160000,0.29645509,0.05399868463257168
2025-01-08 09:25:34.649969152,0.09295848,0.05419434916169015
2025-01-08 09:25:34.660343808,-0.16113022,0.054386302544057206
2025-01-08 09:25:34.670227968,0.08756011,0.054574355632815964
2025-01-08 09:25:34.680064000,0.36075506,0.05475832255395161
2025-01-08 09:25:34.690275072,-0.06096235,0.05493802088782152
2025-01-08 09:25:34.700228096,-0.03682791,0.05511327184778426
2025-01-08 09:25:34.710142976,0.13828452,0.05528390045575727
2025-01-08 09:25:34.720051968,-0.08012861,0.0554497357145353
2025-01-08 09:25:34.730100992,0.11911285,0.055610610776703984
2025-01-08 09:25:34.740273920,0.16123715,0.05576636310998763
2025-01-08 09:25:34.750241024,-0.00030194,0.05591683465887013
2025-01-08 09:25:34.760282112,0.07933629,0.056061872002334714
2025-01-08 09:25:34.770576896,-0.15029097,0.056201326507568636
2025-01-08 09:25:34.780280064,0.1319575,0.05633505447948398
2025-01-08 09:25:34.790344960,0.136226,0.0564629173059087
2025-01-08 09:25:34.800456960,-0.0444026,0.056584781598306266
2025-01-08 09:25:34.810455040,0.13088971,0.05670051932788538
2025-01-08 09:25:34.820460032,0.05143428,0.05681000795696614
2025-01-08 09:25:34.830487040,-0.01559976,0.05691313056547209
2025-01-08 09:25:34.840472064,0.17643443,0.05700977597242336
2025-01-08 09:25:34.850387200,0.14784685,0.05709983885230872
2025-01-08 09:25:34.860332032,0.02621973,0.05718321984622022
2025-01-08 09:25:34.870277888,0.09306702,0.05725982566763789
2025-01-08 09:25:34.880343808,0.13436314,0.05732956920275755
2025-01-08 09:25:34.890513920,-0.05008128,0.05739236960525827
2025-01-08 09:25:34.900200960,0.17140767,0.05744815238541223
2025-01-08 09:25:34.910535168,0.13735163,0.05749684949344447
2025-01-08 09:25:34.920506880,0.03764212,0.057538399397054095
2025-01-08 09:25:34.930205184,0.05569401,0.05757274715301507
2025-01-08 09:25:34.940349952,0.06679252,0.05759984447277992
2025-01-08 09:25:34.950360064,0.02365753,0.05761964978201313
2025-01-08 09:25:34.960350976,0.07964402,0.05763212827398937
2025-01-08 09:25:34.970361088,0.03794447,0.05763725195679494
2025-01-08 09:25:34.980390144,-0.03224695,0.05763499969427701
2025-01-08 09:25:34.990320896,0.09626412,0.05762535724069179
2025-01-08 09:25:35.000377856,0.00574046,0.05760831726900643
2025-01-08 09:25:35.010402816,0.00828728,0.05758387939281781
2025-01-08 09:25:35.020470016,0.08194387,0.0575520501818542
2025-01-08 09:25:35.030381824,0.13588879,0.05751284317103483
2025-01-08 09:25:35.040412928,0.05270642,0.05746627886306498
2025-01-08 09:25:35.050381056,0.10834563,0.05741238472455243
2025-01-08 09:25:35.060398080,0.09380674,0.057351195175636235
2025-01-08 09:25:35.070462976,0.04004604,0.057282751573124596
2025-01-08 09:25:35.080486912,0.07659271,0.05720710218714426
2025-01-08 09:25:35.090447872,0.07002676,0.05712430217131074
2025-01-08 09:25:35.100470016,-0.01746172,0.05703441352643358
2025-01-08 09:25:35.110557952,-0.01345015,0.05693750505777766
2025-01-08 09:25:35.120521984,0.00404853,0.05683365232590653
2025-01-08 09:25:35.130436864,-0.00722903,0.05672293759114077
2025-01-08 09:25:35.140528896,-0.0228968,0.05660544975166944
2025-01-08 09:25:35.150446848,-0.00050655,0.05648128427535847
2025-01-08 09:25:35.160505088,-0.01081538,0.056350543125307
2025-01-08 09:25:35.170487040,0.04083177,0.05621333467920612
2025-01-08 09:25:35.180588032,0.04289192,0.05606977364256307
2025-01-08 09:25:35.190483200,0.03232184,0.05591998095585716
2025-01-08 09:25:35.200502016,0.01883817,0.055764083695700635
2025-01-08 09:25:35.210542080,0.02909243,0.05560221497008345
2025-01-08 09:25:35.220641024,0.00780526,0.05543451380778567
2025-01-08 09:25:35.230525952,0.04993847,0.055261125042047284
2025-01-08 09:25:35.240696064,0.0424369,0.05508219918859057
2025-01-08 09:25:35.252545024,0.05128443,0.054897892318094964
2025-01-08 09:25:35.262322944,0.08896545,0.05470836592323065
2025-01-08 09:25:35.270829056,0.06768358,0.05451378678036121
2025-01-08 09:25:35.280451072,0.06458554,0.05431432680603131
2025-01-08 09:25:35.290564096,0.06609842,0.054110162908360335
2025-01-08 09:25:35.300527104,0.05209303,0.05390147683346764
2025-01-08 09:25:35.310641920,0.06644467,0.05368845500706009
2025-01-08 09:25:35.320712960,0.07376,0.05347128837131626
2025-01-08 09:25:35.330689792,0.06056815,0.05325017221720876
2025-01-08 09:25:35.340680960,0.08971053,0.05302530601240672
2025-01-08 09:25:35.350686976,0.07700786,0.0527968932249084
2025-01-08 09:25:35.360595968,0.05478805,0.052565141142556
2025-01-08 09:25:35.370636032,0.09000444,0.05233026068858949
2025-01-08 09:25:35.380729088,0.08424282,0.05209246623340028
2025-01-08 09:25:35.390546944,0.06134135,0.0518519754026486
2025-01-08 09:25:35.400688896,0.07255989,0.0516090088819134
2025-01-08 09:25:35.410686976,0.04427564,0.05136379021804593
2025-01-08 09:25:35.420787200,0.04213476,0.051116545617401685
2025-01-08 09:25:35.430696960,0.04982507,0.05086750374112971
2025-01-08 09:25:35.440728064,0.07554343,0.050616895497699314
2025-01-08 09:25:35.450802944,0.05899441,0.05036495383284923
2025-01-08 09:25:35.460643072,0.11137968,0.05011191351714544
2025-01-08 09:25:35.470785024,0.09183368,0.049858010931337134
2025-01-08 09:25:35.480742912,0.0842306,0.04960348384970275
2025-01-08 09:25:35.490665984,0.04180938,0.04934857122158015
2025-01-08 09:25:35.500740096,0.06252158,0.04909351295127639
2025-01-08 09:25:35.510825984,0.09776765,0.04883854967655586
2025-01-08 09:25:35.520782848,0.03699538,0.048583922545905864
2025-01-08 09:25:35.530740992,0.06650072,0.04832987299478105
2025-01-08 09:25:35.540764928,0.11294299,0.048076642521029486
2025-01-08 09:25:35.550842880,0.06672204,0.047824472459703525
2025-01-08 09:25:35.560782848,0.07824937,0.047573603757461065
2025-01-08 09:25:35.570852096,0.10544392,0.047324276746761866
2025-01-08 09:25:35.580849920,0.08034731,0.047076730920065694
2025-01-08 09:25:35.590801920,0.08067977,0.04683120470423924
2025-01-08 09:25:35.600771840,0.14043474,0.04658793523537778
2025-01-08 09:25:35.611133184,0.08272305,0.04634715813424939
2025-01-08 09:25:35.621064960,0.090187,0.04610910728256856
2025-01-08 09:25:35.630935040,0.08898538,0.04587401460030541
2025-01-08 09:25:35.640945920,0.07697365,0.04564210982423698
2025-01-08 09:25:35.651021056,0.13715622,0.04541362028794603
2025-01-08 09:25:35.661037824,0.12677518,0.04518877070347215
2025-01-08 09:25:35.671056896,0.1468308,0.044967782944818305
2025-01-08 09:25:35.681068800,0.10079637,0.04475087583351558
2025-01-08 09:25:35.691030016,0.11194049,0.0445382649264473
2025-01-08 09:25:35.701037056,0.10275646,0.04433016230613141
2025-01-08 09:25:35.711042048,0.12105742,0.04412677637365935
2025-01-08 09:25:35.721134848,0.19962727,0.04392831164448622
2025-01-08 09:25:35.730987008,0.15997112,0.043734968547267154
2025-01-08 09:25:35.740869888,0.08671232,0.04354694322592988
2025-01-08 09:25:35.751322112,0.03052126,0.04336442734517315
2025-01-08 09:25:35.761012992,-0.1233376,0.04318760789957648
2025-01-08 09:25:35.770813952,-0.36594662,0.04301666702650526
2025-01-08 09:25:35.780926976,-0.40759563,0.04285178182299069
2025-01-08 09:25:35.791395840,-0.32988611,0.042693124166762686
2025-01-08 09:25:35.801129984,-0.18364897,0.04254086054160865
2025-01-08 09:25:35.810957824,0.01867093,0.04239515186722911
2025-01-08 09:25:35.821126912,0.12637746,0.042256153333756506
2025-01-08 09:25:35.830946048,0.07312855,0.04212401424110024
2025-01-08 09:25:35.841014016,0.04646132,0.04199887784327672
2025-01-08 09:25:35.851012096,0.03948082,0.04188088119787964
2025-01-08 09:25:35.861129984,-0.01496398,0.04177015502084025
2025-01-08 09:25:35.870966784,-0.0200055,0.04166682354662449
2025-01-08 09:25:35.881047040,-0.00419458,0.041571004394008536
2025-01-08 09:25:35.891035136,0.01117415,0.041482808437569074
2025-01-08 09:25:35.901011968,0.11602808,0.041402339685021126
2025-01-08 09:25:35.911293952,0.12563153,0.04132969516053029
2025-01-08 09:25:35.921075968,-0.02725305,0.041264964794121346
2025-01-08 09:25:35.934191104,-0.06276843,0.0412082313173007
2025-01-08 09:25:35.941054208,-0.07129377,0.04115957016500377
2025-01-08 09:25:35.951167232,-0.04614832,0.04111904938397342
2025-01-08 09:25:35.961136128,0.08090497,0.04108672954767116
2025-01-08 09:25:35.971180032,0.43480098,0.04106266367781492
2025-01-08 09:25:35.981161216,0.20966077,0.04104689717263352
2025-01-08 09:25:35.991063040,-0.13262886,0.041039467741921354
2025-01-08 09:25:36.001059072,-0.0518062,0.041040405348970535
2025-01-08 09:25:36.011013120,0.06298542,0.04104973215945299
2025-01-08 09:25:36.021220864,-0.04913214,0.041067462497317235
2025-01-08 09:25:36.031140096,0.01586473,0.04109360280775974
2025-01-08 09:25:36.041158912,0.02134959,0.041128151627324715
2025-01-08 09:25:36.051197952,0.15311712,0.041171099561178134
2025-01-08 09:25:36.061211136,-0.03478107,0.04122242926759835
2025-01-08 09:25:36.071311872,0.00519159,0.04128211544971601
2025-01-08 09:25:36.081094144,0.23863077,0.04135012485453263
2025-01-08 09:25:36.091299072,-0.02790442,0.041426416279238744
2025-01-08 09:25:36.101176064,0.16033861,0.04151094058484644
2025-01-08 09:25:36.111212032,0.17884809,0.04160364071714569
2025-01-08 09:25:36.121325056,0.00277916,0.04170445173498517
2025-01-08 09:25:36.131192064,0.09870952,0.0418133008458747
2025-01-08 09:25:36.141264896,0.0506058,0.04193010744889653
2025-01-08 09:25:36.151307008,0.11590931,0.04205478318490927
2025-01-08 09:25:36.161252096,0.03842908,0.04218723199401888
2025-01-08 09:25:36.171251968,0.00407785,0.042327350180287285
2025-01-08 09:25:36.181298944,0.15557039,0.04247502648364028
2025-01-08 09:25:36.191294976,0.11929756,0.042630142158931315
2025-01-08 09:25:36.201238016,0.06231445,0.04279257106211045
2025-01-08 09:25:36.211246080,0.07659975,0.04296217974344251
2025-01-08 09:25:36.221425920,0.06244141,0.04313882754770994
2025-01-08 09:25:36.231252992,0.04169899,0.04332236672133149
2025-01-08 09:25:36.241373184,0.11900479,0.04351264252632064
2025-01-08 09:25:36.251302912,0.07199153,0.04370949336100105
2025-01-08 09:25:36.261296128,0.07425374,0.04391275088739074
2025-01-08 09:25:36.271312896,0.14450002,0.04412224016516039
2025-01-08 09:25:36.281414144,0.08563545,0.044337779792064345
2025-01-08 09:25:36.291275008,0.02838027,0.04455918205073792
2025-01-08 09:25:36.301359872,0.06279987,0.04478625306174794
2025-01-08 09:25:36.311371008,0.03405029,0.04501879294277775
2025-01-08 09:25:36.321483008,0.01230755,0.045256595973822145
2025-01-08 09:25:36.331325952,0.03731948,0.04549945076826236
2025-01-08 09:25:36.341427200,0.1148026,0.04574714044968436
2025-01-08 09:25:36.351408896,0.09077105,0.045999442834300616
2025-01-08 09:25:36.361399040,0.01882297,0.04625613061882726
2025-01-08 09:25:36.371400192,0.06797457,0.04651697157366587
2025-01-08 09:25:36.381542912,0.01015851,0.046781728741231744
2025-01-08 09:25:36.391358976,0.00433928,0.04705016063926799
2025-01-08 09:25:36.401259776,-0.01087222,0.04732202146897698
2025-01-08 09:25:36.413415936,0.0138593,0.04759706132779891
2025-01-08 09:25:36.421242880,0.01732773,0.047875026426660174
2025-01-08 09:25:36.431233024,-0.0092124,0.04815565931151146
2025-01-08 09:25:36.441123840,-0.01309299,0.04843869908897024
2025-01-08 09:25:36.451324928,-0.01103288,0.04872388165587847
2025-01-08 09:25:36.461337088,0.02120233,0.0490109399325826
2025-01-08 09:25:36.471363072,0.01795122,0.049299604099738374
2025-01-08 09:25:36.481838080,0.00896442,0.04958960183844019
2025-01-08 09:25:36.491539968,0.01504844,0.04988065857347042
2025-01-08 09:25:36.501648896,-0.01293966,0.050172497719461466
2025-01-08 09:25:36.511653888,0.03133687,0.05046484092975942
2025-01-08 09:25:36.521658880,0.03928411,0.05075740834777572
2025-01-08 09:25:36.531759104,0.03255552,0.05104991886061075
2025-01-08 09:25:36.541486080,0.04582515,0.05134209035472921
2025-01-08 09:25:36.551646976,0.03464845,0.051633639973466615
2025-01-08 09:25:36.561618944,0.01216871,0.051924284376142375
2025-01-08 09:25:36.571635968,0.02122182,0.052213739998553964
2025-01-08 09:25:36.581940992,0.0434899,0.05250172331462381
2025-01-08 09:25:36.592006912,0.02948603,0.05278795109897008
2025-01-08 09:25:36.601617152,0.04082674,0.053072140690169675
2025-01-08 09:25:36.611699968,0.03417295,0.05335401025448173
2025-01-08 09:25:36.621646848,0.0803203,0.053633279049797845
2025-01-08 09:25:36.631683072,0.09252459,0.053909667689585
2025-01-08 09:25:36.641669888,0.06656629,0.05418289840658616
2025-01-08 09:25:36.651596032,0.11982977,0.05445269531604301
2025-01-08 09:25:36.661627904,0.0990617,0.054718784678205526
2025-01-08 09:25:36.671580928,0.09473044,0.05498089515989198
2025-01-08 09:25:36.681708032,0.07828152,0.05523875809486441
2025-01-08 09:25:36.691561984,0.05735782,0.0554921077427837
2025-01-08 09:25:36.703671808,0.03959385,0.055740681546509845
2025-01-08 09:25:36.711599104,0.06035066,0.05598422038751318
2025-01-08 09:25:36.721806080,0.07318884,0.05622246883916374
2025-01-08 09:25:36.731728128,0.05061981,0.05645517541766667
2025-01-08 09:25:36.741712128,0.02899003,0.056682092830413186
2025-01-08 09:25:36.751773184,0.05892301,0.056902978221518054
2025-01-08 09:25:36.761650944,0.0624826,0.05711759341431676
2025-01-08 09:25:36.771662080,0.06378406,0.057325705150596644
2025-01-08 09:25:36.781718016,0.09128597,0.05752708532633915
2025-01-08 09:25:36.791718912,0.07449019,0.05772151122375259
2025-01-08 09:25:36.801709824,0.08197957,0.05790876573937755
2025-01-08 09:25:36.812002816,0.08215502,0.0580886376080487
2025-01-08 09:25:36.821963008,0.05941465,0.05826092162250187
2025-01-08 09:25:36.831710976,0.07026058,0.05842541884841621
2025-01-08 09:25:36.841715200,0.0890159,0.05858193683468594
2025-01-08 09:25:36.851779840,0.11028749,0.05873028981871919
2025-01-08 09:25:36.861778944,0.06809795,0.05887029892656556
2025-01-08 09:25:36.871779840,0.0753715,0.05900179236767726
2025-01-08 09:25:36.881782016,0.10698107,0.05912460562411334
2025-01-08 09:25:36.891814912,0.12126312,0.05923858163400075
2025-01-08 09:25:36.901763840,0.11745441,0.059343570969069837
2025-01-08 09:25:36.911849984,0.10435039,0.05943943200608709
2025-01-08 09:25:36.922064896,0.03099841,0.05952603109201251
2025-01-08 09:25:36.931680000,0.07886641,0.059603242702713784
2025-01-08 09:25:36.941984000,0.10500661,0.05967094959507437
2025-01-08 09:25:36.951744000,0.09080926,0.05972904295233851
2025-01-08 09:25:36.961836032,0.11861445,0.05977742252254053
2025-01-08 09:25:36.971780096,0.13151594,0.059815996749872535
2025-01-08 09:25:36.981768960,0.12874933,0.05984468289884875
2025-01-08 09:25:36.991880960,0.1436729,0.059863407171132435
2025-01-08 09:25:37.001787904,0.15074521,0.059872104814894925
2025-01-08 09:25:37.012129024,0.10556139,0.05987072022658557
2025-01-08 09:25:37.021997056,0.09450324,0.059859207044993264
2025-01-08 09:25:37.031905024,0.12532511,0.0598375282374911
2025-01-08 09:25:37.041812992,0.02501145,0.059805656178358424
2025-01-08 09:25:37.051968000,0.12592576,0.05976357271908359
2025-01-08 09:25:37.061826048,0.17480122,0.059711269250555685
2025-01-08 09:25:37.071898880,0.03438885,0.05964874675706111
2025-01-08 09:25:37.081928960,0.00986369,0.059576015862007364
2025-01-08 09:25:37.091918080,-0.03608412,0.05949309686530332
2025-01-08 09:25:37.111969024,-0.1266281,0.059400019772332516
2025-01-08 09:25:37.111994880,-0.24605525,0.059296824314462204
2025-01-08 09:25:37.121901056,-0.33120292,0.05918355996103939
2025-01-08 09:25:37.131845120,-0.28050932,0.05906028592283058
2025-01-08 09:25:37.141917952,-0.1612564,0.05892707114687076
2025-01-08 09:25:37.151983104,-0.1094869,0.05878399430269319
2025-01-08 09:25:37.161976064,0.00810438,0.05863114375991962
2025-01-08 09:25:37.172014080,0.11551271,0.058468617557197844
2025-01-08 09:25:37.181921024,0.18273322,0.05829652336248038
2025-01-08 09:25:37.192022016,0.12755586,0.058114978424645906
2025-01-08 09:25:37.202033152,0.02942841,0.05792410951647276
2025-01-08 09:25:37.212000000,-0.0138552,0.05772405286898025
2025-01-08 09:25:37.222127872,-0.07561731,0.057514954097162375
2025-01-08 09:25:37.231985920,-0.159945,0.057296968117144687
2025-01-08 09:25:37.242022144,-0.1331801,0.05707025905480337
2025-01-08 09:25:37.252454144,0.12179224,0.05683500014589222
2025-01-08 09:25:37.262084864,0.31449336,0.056591373627731874
2025-01-08 09:25:37.272028928,0.18588728,0.056339570622521526
2025-01-08 09:25:37.282063104,0.00095551,0.05607979101234163
2025-01-08 09:25:37.292088064,0.09853147,0.05581224330592321
2025-01-08 09:25:37.302062080,0.1040764,0.055537144497267106
2025-01-08 09:25:37.312057088,-0.0833573,0.05525471991620201
2025-01-08 09:25:37.322256128,-0.02544805,0.054965203070980045
2025-01-08 09:25:37.332064000,0.10213058,0.054668835483012775
2025-01-08 09:25:37.343355904,-0.04520355,0.054365866513860606
2025-01-08 09:25:37.352343040,0.13666624,0.054056553184591835
2025-01-08 09:25:37.362236928,0.03481752,0.05374115998763866
2025-01-08 09:25:37.372178944,0.02031511,0.053419958691280356
2025-01-08 09:25:37.382294016,0.10919443,0.05309322813689335
2025-01-08 09:25:37.392340992,0.04594475,0.05276125402911289
2025-01-08 09:25:37.402292992,0.0386613,0.0524243287190581
2025-01-08 09:25:37.412229888,-0.12895223,0.052082750980778615
2025-01-08 09:25:37.422440960,0.08143139,0.05173682578108684
2025-01-08 09:25:37.432292096,0.17710656,0.051386864042946526
2025-01-08 09:25:37.442162944,0.15397078,0.051033182402594225
2025-01-08 09:25:37.452462848,0.13658679,0.05067610296057538
2025-01-08 09:25:37.462085888,0.17037645,0.05031595302688385
2025-01-08 09:25:37.472128000,0.10661796,0.049953064860397585
2025-01-08 09:25:37.482112768,0.05758005,0.04958777540281096
2025-01-08 09:25:37.492711168,-0.04436255,0.04922042600726631
2025-01-08 09:25:37.502345984,0.03482747,0.04885136216189557
2025-01-08 09:25:37.512162816,0.06896034,0.04848093320848616
2025-01-08 09:25:37.522208000,0.04709888,0.048109492056489775
2025-01-08 09:25:37.532171008,0.05364844,0.047737394892598775
2025-01-08 09:25:37.542231040,0.12621537,0.047365000886117996
2025-01-08 09:25:37.552275968,0.05006841,0.046992671890365004
2025-01-08 09:25:37.562272000,0.10864058,0.04662077214033457
2025-01-08 09:25:37.572243968,0.13350037,0.0462496679468696
2025-01-08 09:25:37.582349056,0.03513858,0.04587972738758106
2025-01-08 09:25:37.592310784,0.02438399,0.04551131999476591
2025-01-08 09:25:37.602225152,0.00812134,0.04514481644057353
2025-01-08 09:25:37.612214016,0.02633601,0.0447805882196755
2025-01-08 09:25:37.623700992,0.11579502,0.044419007329694955
2025-01-08 09:25:37.633460992,0.10380957,0.04406044594965642
2025-01-08 09:25:37.642270976,0.13431802,0.04370527611671778
2025-01-08 09:25:37.652187136,0.12222853,0.04335386940144913
2025-01-08 09:25:37.662208000,0.04000482,0.043006596581925106
2025-01-08 09:25:37.672209152,0.05106619,0.042663827316899876
2025-01-08 09:25:37.682169856,0.05379915,0.0423259298183338
2025-01-08 09:25:37.692232960,0.03354347,0.041993270523544145
2025-01-08 09:25:37.702151168,0.04830319,0.04166621376725266
2025-01-08 09:25:37.712320000,0.03511897,0.04134512145380267
2025-01-08 09:25:37.722301952,0.02452645,0.041030352729821716
2025-01-08 09:25:37.732236032,0.03606284,0.04072226365760299
2025-01-08 09:25:37.742255872,0.0322426,0.040421206889481996
2025-01-08 09:25:37.752407040,-0.01297715,0.040127531343482986
2025-01-08 09:25:37.762295040,-0.02143392,0.03984158188051057
2025-01-08 09:25:37.772224000,0.05471992,0.03956369898336102
2025-01-08 09:25:37.782320128,-0.04775009,0.03929421843782713
2025-01-08 09:25:37.792288000,0.02447683,0.03903347101617014
2025-01-08 09:25:37.802222848,0.03080624,0.0387817821632304
2025-01-08 09:25:37.812207872,-0.01315483,0.0385394716854476
2025-01-08 09:25:37.822411008,0.0028289,0.038306853443059674
2025-01-08 09:25:37.832217088,-0.00693101,0.03808423504574813
2025-01-08 09:25:37.842238976,0.03253201,0.037871917551994316
2025-01-08 09:25:37.852236032,0.05359536,0.03767019517241071
2025-01-08 09:25:37.862366976,0.01313993,0.03747935497730713
2025-01-08 09:25:37.872276992,0.02176028,0.03729967660875027
2025-01-08 09:25:37.882347008,0.0305365,0.037131431997371685
2025-01-08 09:25:37.892317184,0.01943982,0.036974885084175645
2025-01-08 09:25:37.902294016,0.03175864,0.03683029154759621
2025-01-08 09:25:37.912307968,0.01987123,0.03669789853604808
2025-01-08 09:25:37.922411008,0.04812983,0.03657794440621278
2025-01-08 09:25:37.932274944,0.09425083,0.03647065846729726
2025-01-08 09:25:37.942380032,0.07689807,0.03637626073149839
2025-01-08 09:25:37.952444928,0.08717078,0.03629496167090206
2025-01-08 09:25:37.962397184,0.07380876,0.03622696198104086
2025-01-08 09:25:37.972332032,0.0680567,0.03617245235133008
2025-01-08 09:25:37.982342912,0.08152518,0.03613161324259597
2025-01-08 09:25:37.992408064,0.07664588,0.03610461467190654
2025-01-08 09:25:38.002371072,0.0542503,0.03609161600490774
2025-01-08 09:25:38.012332800,0.06065926,0.03609276575586413
2025-01-08 09:25:38.022494976,0.06865144,0.036108201395596694
2025-01-08 09:25:38.032356096,0.0577774,0.03613804916750434
2025-01-08 09:25:38.042391040,0.05762222,0.03618242391185058
2025-01-08 09:25:38.052388864,0.06324822,0.036241428898488935
2025-01-08 09:25:38.062452992,0.04056567,0.03631515566819654
2025-01-08 09:25:38.072415232,0.06807899,0.036403683882776774
2025-01-08 09:25:38.082323968,0.0499081,0.03650708118408636
2025-01-08 09:25:38.092794880,0.06376973,0.03662540306213508
2025-01-08 09:25:38.102427904,0.09504595,0.03675869273239977
2025-01-08 09:25:38.112567040,0.10587558,0.03690698102248602
2025-01-08 09:25:38.122683136,0.07973975,0.037070286268265674
2025-01-08 09:25:38.132445952,0.08735698,0.03724861421960866
2025-01-08 09:25:38.142429184,0.07329339,0.0374419579558227
2025-01-08 09:25:38.152548096,0.04368126,0.03765029781090425
2025-01-08 09:25:38.162554112,0.02817038,0.037873601308698886
2025-01-08 09:25:38.172488960,0.09676436,0.03811182310805952
2025-01-08 09:25:38.182516224,0.06568307,0.03836490495808445
2025-01-08 09:25:38.192692992,0.07348368,0.03863277566350861
2025-01-08 09:25:38.202831104,0.07727033,0.0389153510603133
2025-01-08 09:25:38.212795904,0.09883705,0.03921253400161227
2025-01-08 09:25:38.222950912,0.10403338,0.03952421435386265
2025-01-08 09:25:38.232791040,0.05790114,0.039850269003442795
2025-01-08 09:25:38.245702912,0.06787232,0.04019056187362907
2025-01-08 09:25:38.252888832,0.06577453,0.040544943951996086
2025-01-08 09:25:38.264028160,0.07649156,0.04091325332825724
2025-01-08 09:25:38.273072896,0.14856635,0.041295315242552415
2025-01-08 09:25:38.282913024,0.09049805,0.04169094214418279
2025-01-08 09:25:38.292957184,0.10518666,0.04209993376078333
2025-01-08 09:25:38.302831872,0.07892698,0.04252207717791599
2025-01-08 09:25:38.312907008,0.09995408,0.04295714692905688
2025-01-08 09:25:38.322861056,0.14105187,0.04340490509594406
2025-01-08 09:25:38.332753920,0.12211092,0.04386510141924174
2025-01-08 09:25:38.342813952,0.09326661,0.044337473419471425
2025-01-08 09:25:38.352807936,0.10798466,0.0448217465281486
2025-01-08 09:25:38.362781952,0.11565685,0.045317634229058545
2025-01-08 09:25:38.373255936,0.19664559,0.04582483820959352
2025-01-08 09:25:38.383025920,0.14777626,0.04634304852206813
2025-01-08 09:25:38.392944128,0.07225936,0.04687194375491901
2025-01-08 09:25:38.402884864,0.05479389,0.04741119121368813
2025-01-08 09:25:38.412823808,0.01532395,0.047960447111680876
2025-01-08 09:25:38.422966016,-0.01901176,0.04851935677018144
2025-01-08 09:25:38.432964096,-0.04878212,0.04908755482810053
2025-01-08 09:25:38.442946816,-0.10657452,0.04966466546092235
2025-01-08 09:25:38.452892160,-0.23296896,0.05025030260880992
2025-01-08 09:25:38.462979072,-0.26594591,0.050844070213720664
2025-01-08 09:25:38.473632000,-0.23652124,0.051445562465375606
2025-01-08 09:25:38.483138048,-0.02138416,0.05205436405591919
2025-01-08 09:25:38.492867072,0.15882498,0.05267005044309824
2025-01-08 09:25:38.502842880,0.1520927,0.05329218812178227
2025-01-08 09:25:38.512895232,0.11061269,0.05392033490363966
2025-01-08 09:25:38.522990848,0.0497122,0.054554040204777554
2025-01-08 09:25:38.533009920,0.01945601,0.055192845341146136
2025-01-08 09:25:38.542969088,-0.01595654,0.05583628383150173
2025-01-08 09:25:38.553065984,-0.0055787,0.05648388170771603
2025-01-08 09:25:38.563083776,0.02088457,0.057135157832213256
2025-01-08 09:25:38.573029120,0.13569006,0.057789624222309384
2025-01-08 09:25:38.583086848,0.17717564,0.05844678638122336
2025-01-08 09:25:38.593046784,0.12008359,0.0591061436355227
2025-01-08 09:25:38.603002112,0.0563782,0.05976718947876108
2025-01-08 09:25:38.612916992,-0.00334913,0.060429411921059786
2025-01-08 09:25:38.623097856,-0.04451973,0.061092293844379406
2025-01-08 09:25:38.633065984,-0.01758916,0.06175531336322343
2025-01-08 09:25:38.643095040,0.03132507,0.06241794419050952
2025-01-08 09:25:38.653184000,0.08654272,0.06307965600834092
2025-01-08 09:25:38.663150080,0.15385921,0.06373991484340455
2025-01-08 09:25:38.673031936,0.06724061,0.06439818344671874
2025-01-08 09:25:38.683120896,0.02044602,0.0650539216774494
2025-01-08 09:25:38.693043968,0.03214,0.06570658689050927
2025-01-08 09:25:38.703083008,-0.02760691,0.06635563432765142
2025-01-08 09:25:38.716384000,-0.01860415,0.06700051751176425
2025-01-08 09:25:38.723038976,0.01252553,0.06764068864407333
2025-01-08 09:25:38.733037824,0.04573309,0.06827559900395021
2025-01-08 09:25:38.743084032,0.11447246,0.06890469935102819
2025-01-08 09:25:38.753201920,0.13772319,0.0695274403293196
2025-01-08 09:25:38.763176960,0.09303525,0.0701432728730302
2025-01-08 09:25:38.773134080,0.05225805,0.0707516486137607
2025-01-08 09:25:38.783271936,0.0147389,0.07135202028878684
2025-01-08 09:25:38.793217792,-0.00318096,0.07194384215010476
2025-01-08 09:25:38.803215872,-0.02362248,0.07252657037393082
2025-01-08 09:25:38.813812992,0.00793765,0.07309966347033958
2025-01-08 09:25:38.823316992,0.06509387,0.07366258269272684
2025-01-08 09:25:38.833142016,0.11625873,0.074214792446781
2025-01-08 09:25:38.843159040,0.08468264,0.07475576069864838
2025-01-08 09:25:38.853180928,0.03296774,0.07528495938197467
2025-01-08 09:25:38.863428096,0.02349488,0.07580186480350906
2025-01-08 09:25:38.873241856,0.01682508,0.07630595804695398
2025-01-08 09:25:38.883268096,0.0332839,0.07679672537474677
2025-01-08 09:25:38.893334016,0.04136311,0.07727365862745932
2025-01-08 09:25:38.903301120,0.06127465,0.07773625562050329
2025-01-08 09:25:38.913286912,0.09188235,0.07818402053782988
2025-01-08 09:25:38.923397120,0.08716706,0.07861646432231445
2025-01-08 09:25:38.933512960,0.07050904,0.07903310506251857
2025-01-08 09:25:38.943268096,0.07244783,0.07943346837552505
2025-01-08 09:25:38.953250048,0.03746064,0.07981708778554124
2025-01-08 09:25:38.963252992,0.00313829,0.08018350509797231
2025-01-08 09:25:38.973180928,0.03860975,0.0805322707686659
2025-01-08 09:25:38.983190016,0.07690266,0.08086294426803438
2025-01-08 09:25:38.993208832,0.07424604,0.08117509443976377
2025-01-08 09:25:39.003364096,0.05373826,0.0814682998538224
2025-01-08 09:25:39.013219072,0.06111517,0.08174214915348538
2025-01-08 09:25:39.023230976,0.03761768,0.08199624139609622
2025-01-08 09:25:39.033298944,0.05508236,0.08223018638729021
2025-01-08 09:25:39.043301120,0.06448709,0.0824436050084091
2025-01-08 09:25:39.053431040,0.06128305,0.08263612953684149
2025-01-08 09:25:39.063566848,0.08583577,0.0828074039590287
2025-01-08 09:25:39.073456128,0.12672763,0.08295708427587896
2025-01-08 09:25:39.083475200,0.07925703,0.08308483880034187
2025-01-08 09:25:39.093516032,0.03180045,0.08319034844689688
2025-01-08 09:25:39.103548928,0.03147811,0.08327330701271786
2025-01-08 09:25:39.113553152,0.01965245,0.0833334214502805
2025-01-08 09:25:39.123613952,0.01228249,0.08337041213118637
2025-01-08 09:25:39.133544960,0.02555059,0.08338401310098305
2025-01-08 09:25:39.143565824,0.0586191,0.08337397232476695
2025-01-08 09:25:39.153608192,0.0644234,0.0833400519233613
2025-01-08 09:25:39.163606016,0.03454432,0.0832820283998702
2025-01-08 09:25:39.173422080,0.03669683,0.08319969285641485
2025-01-08 09:25:39.183429120,0.04329301,0.08309285120086655
2025-01-08 09:25:39.193378048,0.02166922,0.0829613243433988
2025-01-08 09:25:39.203571968,-0.00268276,0.08280494838268602
2025-01-08 09:25:39.213469952,0.03114674,0.08262357478158812
2025-01-08 09:25:39.223414016,0.0528373,0.08241707053216299
2025-01-08 09:25:39.233475840,0.07498391,0.08218531830986216
2025-01-08 09:25:39.243483136,0.05881535,0.0819282166167684
2025-01-08 09:25:39.253478912,0.05391345,0.08164567991374491
2025-01-08 09:25:39.263472128,0.08323285,0.08133763874137415
2025-01-08 09:25:39.273451008,0.06367731,0.08100403982957058
2025-01-08 09:25:39.283476992,0.04017545,0.0806448461957625
2025-01-08 09:25:39.293507072,0.04009982,0.08026003723154543
2025-01-08 09:25:39.303661056,0.04089441,0.07984960877771927
2025-01-08 09:25:39.313515776,0.04204558,0.07941357318762808
2025-01-08 09:25:39.323652864,0.04707529,0.07895195937873342
2025-01-08 09:25:39.335426048,0.03215484,0.07846481287235833
2025-01-08 09:25:39.343575040,0.02291284,0.07795219582154901
2025-01-08 09:25:39.353789184,0.03818493,0.07741418702701104
2025-01-08 09:25:39.363678976,0.04624256,0.07685088194108473
2025-01-08 09:25:39.373714944,0.06347346,0.07626239265973418
2025-01-08 09:25:39.383449088,0.05703162,0.0756488479025335
2025-01-08 09:25:39.393627904,0.05380519,0.07501039298064296
2025-01-08 09:25:39.403531008,0.07519525,0.07434718975277699
2025-01-08 09:25:39.413611776,0.05668796,0.07365941656917457
2025-01-08 09:25:39.423798016,0.04401989,0.07294726820359294
2025-01-08 09:25:39.433715968,0.04677562,0.07221095577335404
2025-01-08 09:25:39.443710208,0.04109085,0.07145070664748163
2025-01-08 09:25:39.453615872,0.04035734,0.07066676434297747
2025-01-08 09:25:39.463680000,0.049628,0.06985938840929361
2025-01-08 09:25:39.473721088,0.0728063,0.0690288543010663
2025-01-08 09:25:39.484724992,0.07434942,0.06817545323918715
2025-01-08 09:25:39.493704960,0.07984807,0.0672994920602953
2025-01-08 09:25:39.504547072,0.07605724,0.06640129305478339
2025-01-08 09:25:39.513709056,0.06829145,0.06548119379342031
2025-01-08 09:25:39.523794944,0.05738706,0.06453954694270003
2025-01-08 09:25:39.533672960,0.07606954,0.06357672006903724
2025-01-08 09:25:39.543682048,0.09472027,0.0625930954319372
2025-01-08 09:25:39.553728000,0.10194054,0.061589069766277
2025-01-08 09:25:39.563564032,0.10559849,0.060565054053842715
2025-01-08 09:25:39.573671168,0.09920814,0.0595214732842768
2025-01-08 09:25:39.583794944,0.08454651,0.058458766205596806
2025-01-08 09:25:39.593750016,0.08709697,0.05737738506445583
2025-01-08 09:25:39.603698944,0.1224051,0.05627779533632214
2025-01-08 09:25:39.613737216,0.15769143,0.055160475445764
2025-01-08 09:25:39.623641856,0.16172346,0.05402591647703336
2025-01-08 09:25:39.633650944,0.17973761,0.05287462187514856
2025-01-08 09:25:39.643582976,0.19170871,0.05170710713768633
2025-01-08 09:25:39.653665024,0.26242068,0.05052389949749675
2025-01-08 09:25:39.663676928,0.49012607,0.04932553759656579
2025-01-08 09:25:39.673681920,0.59377027,0.04811257115125436
2025-01-08 09:25:39.683729920,0.61374795,0.04688556060915061
2025-01-08 09:25:39.693730048,0.38209328,0.04564507679777945
2025-01-08 09:25:39.703738880,0.45559081,0.04439170056541758
2025-01-08 09:25:39.713701888,0.29193753,0.043126022414271215
2025-01-08 09:25:39.723732992,0.16909358,0.04184864212627755
2025-01-08 09:25:39.733871872,0.16838539,0.04056016838179793
2025-01-08 09:25:39.743879168,0.28072473,0.03926121837147642
2025-01-08 09:25:39.753853952,0.39278072,0.03795241740154187
2025-01-08 09:25:39.763788032,0.4004243,0.036634398492837845
2025-01-08 09:25:39.773890048,0.33665401,0.035307801973869325
2025-01-08 09:25:39.783945984,0.26230779,0.03397327506815988
2025-01-08 09:25:39.793925888,0.19272056,0.032631471476217484
2025-01-08 09:25:39.804007168,0.12859558,0.031283050952411434
2025-01-08 09:25:39.813952000,0.06345411,0.02992867887706735
2025-01-08 09:25:39.823798016,-0.00497539,0.02856902582409033
2025-01-08 09:25:39.833894912,-0.04538962,0.027204767124430453
2025-01-08 09:25:39.843840000,-0.0293524,0.025836582425708216
2025-01-08 09:25:39.854023936,-0.01007102,0.024465155248320387
2025-01-08 09:25:39.864088064,-0.02537662,0.023091172538349327
2025-01-08 09:25:39.874070784,-0.05561787,0.021715324217602416
2025-01-08 09:25:39.884061184,-0.1119961,0.020338302731109387
2025-01-08 09:25:39.894074880,-0.16137019,0.0189608025924087
2025-01-08 09:25:39.904134912,-0.17572543,0.017583519926954425
2025-01-08 09:25:39.914552064,-0.15513264,0.01620715201397879
2025-01-08 09:25:39.928311040,-0.16133535,0.014832396827144479
2025-01-08 09:25:39.935120128,-0.15345278,0.013459952574323758
2025-01-08 09:25:39.944104960,-0.10640301,0.01209051723684182
2025-01-08 09:25:39.954235136,-0.02883127,0.010724788108521306
2025-01-08 09:25:39.964412928,0.03104714,0.009363461334866804
2025-01-08 09:25:39.974451968,0.00803873,0.008007231452727257
2025-01-08 09:25:39.984199936,-0.04715984,0.006656790930773695
2025-01-08 09:25:39.994040064,-0.10380578,0.005312829711130463
2025-01-08 09:25:40.004282880,-0.14839703,0.003976034752495869
2025-01-08 09:25:40.014252800,-0.17728114,0.0026470895750882665
2025-01-08 09:25:40.024340992,-0.16891824,0.0013266738077518108
2025-01-08 09:25:40.034246912,-0.1039743,1.546273755473382e-05
2025-01-08 09:25:40.044121856,-0.04610705,-0.0012858731377890383
2025-01-08 09:25:40.054140160,-0.035972,-0.0025766685543452796
2025-01-08 09:25:40.064139008,-0.10068676,-0.0038562639229062358
2025-01-08 09:25:40.074242048,-0.1553092,-0.005124005766133636
2025-01-08 09:25:40.084263168,-0.15304083,-0.006379247151577239
2025-01-08 09:25:40.094194944,-0.14885743,-0.007621348120250352
2025-01-08 09:25:40.104239872,-0.20707068,-0.008849676110447567
2025-01-08 09:25:40.114278144,-0.23389977,-0.010063606376493122
2025-01-08 09:25:40.124327936,-0.24256174,-0.011262522402112186
2025-01-08 09:25:40.134347008,-0.1941794,-0.012445816308122006
2025-01-08 09:25:40.144299008,-0.07928903,-0.013612889254142703
2025-01-08 09:25:40.154347008,-0.00875635,-0.014763151834033662
2025-01-08 09:25:40.164366080,-0.00698453,-0.015896024464765107
2025-01-08 09:25:40.174382848,-0.00877291,-0.017010937768439253
2025-01-08 09:25:40.184339968,-0.03764552,-0.01810733294718204
2025-01-08 09:25:40.194376960,-0.06937277,-0.01918466215063006
2025-01-08 09:25:40.207653120,-0.02768151,-0.020242388835743336
2025-01-08 09:25:40.215970048,-0.05020721,-0.021279988118682328
2025-01-08 09:25:40.232547072,-0.10789484,-0.022296947118489837
2025-01-08 09:25:40.255781888,-0.0928109,-0.023292765292328696
2025-01-08 09:25:40.255798016,-0.03723156,-0.024266954762029468
2025-01-08 09:25:40.255803136,-0.00257522,-0.025219040631710658
2025-01-08 09:25:40.267791872,0.0069996,-0.026148561296240415
2025-01-08 09:25:40.274203136,-0.01304921,-0.02705506874031487
2025-01-08 09:25:40.284374016,0.00387242,-0.02793812882793659
2025-01-08 09:25:40.294301952,0.02032562,-0.02879732158208294
2025-01-08 09:25:40.304666112,-0.0130857,-0.02963224145436235
2025-01-08 09:25:40.314454016,-0.0444867,-0.030442497584463216
2025-01-08 09:25:40.324420864,-0.07715035,-0.031227714049208845
2025-01-08 09:25:40.334548992,-0.09951344,-0.03198753010103955
2025-01-08 09:25:40.344363008,-0.08573747,-0.03272160039575008
2025-01-08 09:25:40.354327808,-0.08997907,-0.03342959520932019
2025-01-08 09:25:40.364442112,-0.08683365,-0.034111200643683885
2025-01-08 09:25:40.374450944,-0.07958157,-0.034766118821290284
2025-01-08 09:25:40.384453888,-0.05098552,-0.035394068068319746
2025-01-08 09:25:40.394568960,-0.03471017,-0.03599478308642498
2025-01-08 09:25:40.406712064,-0.06465077,-0.036568015112877925
2025-01-08 09:25:40.414660096,-0.09580213,-0.037113532069010226
2025-01-08 09:25:40.424695040,-0.09438632,-0.03763111869684538
2025-01-08 09:25:40.434519040,-0.08432024,-0.03812057668382816
2025-01-08 09:25:40.444552960,-0.09971223,-0.038581724775567594
2025-01-08 09:25:40.456289024,-0.11628717,-0.03901439887651797
2025-01-08 09:25:40.464616960,-0.09814996,-0.03941845213853087
2025-01-08 09:25:40.474564096,-0.0678152,-0.03979375503722234
2025-01-08 09:25:40.484528896,-0.06322463,-0.0401401954361063
2025-01-08 09:25:40.494515968,-0.05542549,-0.04045767863845669
2025-01-08 09:25:40.507009024,-0.05426015,-0.040746127426868575
2025-01-08 09:25:40.514637824,-0.05603414,-0.04100548209049831
2025-01-08 09:25:40.524599040,-0.04490529,-0.04123570043997279
2025-01-08 09:25:40.534604032,-0.02033634,-0.04143675780996594
2025-01-08 09:25:40.544632832,-0.01043863,-0.041608647049451365
2025-01-08 09:25:40.555074816,-0.0277864,-0.04175137849964783
2025-01-08 09:25:40.564756992,-0.04225686,-0.04186497995968529
2025-01-08 09:25:40.574593024,-0.04323725,-0.04194949664002678
2025-01-08 09:25:40.584620032,-0.06351466,-0.042004991103692116
2025-01-08 09:25:40.594640128,-0.08830981,-0.04203154319533748
2025-01-08 09:25:40.606587904,-0.11763583,-0.0420292499582554
2025-01-08 09:25:40.614707968,-0.14437915,-0.04199822553936666
2025-01-08 09:25:40.624773120,-0.14770645,-0.04193860108228766
2025-01-08 09:25:40.634695936,-0.09884104,-0.0418505246085628
2025-01-08 09:25:40.644804096,-0.02435677,-0.04173416088716234
2025-01-08 09:25:40.655446016,0.02693982,-0.04158969129235394
2025-01-08 09:25:40.664758016,0.02127025,-0.04141731365006565
2025-01-08 09:25:40.674665984,-0.03046517,-0.04121724207286598
2025-01-08 09:25:40.684654848,-0.068985,-0.04098970678369551
2025-01-08 09:25:40.694644992,-0.08126864,-0.04073495392849313
2025-01-08 09:25:40.708664064,-0.08714493,-0.04045324537786809
2025-01-08 09:25:40.714821120,-0.0723301,-0.04014485851797701
2025-01-08 09:25:40.724577024,-0.02916773,-0.0398100860307736
2025-01-08 09:25:40.734690048,0.01380535,-0.03944923566380616
2025-01-08 09:25:40.744695808,0.02615938,-0.0390626299897461
2025-01-08 09:25:40.762782208,-0.01140908,-0.03865060615583812
2025-01-08 09:25:40.764646912,-0.05819177,-0.038213515623470265
2025-01-08 09:25:40.777210880,-0.09950975,-0.03775172389806949
2025-01-08 09:25:40.784686080,-0.06728643,-0.03726561024953506
2025-01-08 09:25:40.794883072,-0.10641777,-0.03675556742342949
2025-01-08 09:25:40.804833792,-0.1026882,-0.0362220013431538
2025-01-08 09:25:40.814914048,-0.09182803,-0.03566533080333917
2025-01-08 09:25:40.831901952,-0.07014358,-0.03508598715469558
2025-01-08 09:25:40.834800128,-0.01574187,-0.034484413980561866
2025-01-08 09:25:40.844801792,0.03410109,-0.033861066765410085
2025-01-08 09:25:40.855049984,0.13156384,-0.03321641255556039
