TIMESTAMP,ACCX,ACCX_filtered
2025-01-08 10:36:47.117230848,-0.01963514,-0.05855477393049162
2025-01-08 10:36:47.126228992,-0.00317486,-0.058230622998865306
2025-01-08 10:36:47.140641024,-0.00153087,-0.057868577444063665
2025-01-08 10:36:47.152226816,0.0034602,-0.05746889387809681
2025-01-08 10:36:47.156357120,0.01350099,-0.05703185048004171
2025-01-08 10:36:47.165327104,0.01603563,-0.056557746802931054
2025-01-08 10:36:47.223422976,0.01362821,-0.056046903567407366
2025-01-08 10:36:47.223440896,0.01082811,-0.055499662442288974
2025-01-08 10:36:47.223447040,0.00979637,-0.054916385812204045
2025-01-08 10:36:47.223452160,0.01523896,-0.05429745653245695
2025-01-08 10:36:47.223458048,0.01539399,-0.05364327767129979
2025-01-08 10:36:47.225421056,0.00230795,-0.05295427223979027
2025-01-08 10:36:47.245637888,-0.01100978,-0.052230882909425104
2025-01-08 10:36:47.250827008,-0.0145863,-0.05147357171774651
2025-01-08 10:36:47.255964160,-0.00873888,-0.05068281976212701
2025-01-08 10:36:47.265782016,-0.00963627,-0.04985912688194532
2025-01-08 10:36:47.278963200,-0.00875036,-0.049003011329374305
2025-01-08 10:36:47.286402816,0.00218372,-0.048115009429008794
2025-01-08 10:36:47.299704064,0.0087972,-0.04719567522656875
2025-01-08 10:36:47.307744000,0.00154883,-0.046245580126919955
2025-01-08 10:36:47.315504128,-0.00585935,-0.04526531252166216
2025-01-08 10:36:47.325464064,-0.01021986,-0.04425547740654003
2025-01-08 10:36:47.335479040,-0.01295221,-0.04321669598894044
2025-01-08 10:36:47.400270080,-0.00413451,-0.042149605285744615
2025-01-08 10:36:47.400471808,0.00231546,-0.0410548577118107
2025-01-08 10:36:47.400478976,0.00653319,-0.03993312065936786
2025-01-08 10:36:47.400484096,0.01701176,-0.03878507606860939
2025-01-08 10:36:47.400489984,0.01240771,-0.037611419989777024
2025-01-08 10:36:47.400495104,-0.00167035,-0.03641286213703502
2025-01-08 10:36:47.405989888,-0.00092424,-0.035190125434436954
2025-01-08 10:36:47.415780096,-0.00257152,-0.03394394555429358
2025-01-08 10:36:47.425709056,-0.00526647,-0.03267507044825476
2025-01-08 10:36:47.435631104,-0.00785488,-0.03138425987142309
2025-01-08 10:36:47.445620992,-0.00701566,-0.030072284899820598
2025-01-08 10:36:47.455717120,-0.00181244,-0.028739927441535106
2025-01-08 10:36:47.467327232,0.00187248,-0.02738797974187529
2025-01-08 10:36:47.475657984,0.00076732,-0.026017243882868253
2025-01-08 10:36:47.485683968,-0.0044397,-0.0246285312774362
2025-01-08 10:36:47.496044032,-0.00054286,-0.02322266215859197
2025-01-08 10:36:47.505744896,0.01529966,-0.021800465063996466
2025-01-08 10:36:47.515865088,0.01611771,-0.020362776316223227
2025-01-08 10:36:47.525737984,0.02842632,-0.018910439499078068
2025-01-08 10:36:47.535741952,0.04387482,-0.017444304930323836
2025-01-08 10:36:47.545746176,0.04815507,-0.015965229131162335
2025-01-08 10:36:47.555816960,0.05139303,-0.014474074292826997
2025-01-08 10:36:47.624392960,0.05468865,-0.012971707740641466
2025-01-08 10:36:47.624414976,0.04310617,-0.011459001395900392
2025-01-08 10:36:47.624422144,0.03976578,-0.009936831235929823
2025-01-08 10:36:47.624428032,0.04035521,-0.008406076752684904
2025-01-08 10:36:47.624433920,0.02231219,-0.006867620410243448
2025-01-08 10:36:47.624440064,0.00799125,-0.005322347101554167
2025-01-08 10:36:47.625932032,-0.0033274,-0.003771143604797687
2025-01-08 10:36:47.636142080,-0.02477965,-0.0022148980397191176
2025-01-08 10:36:47.645997056,-0.11572117,-0.0006544993242894307
2025-01-08 10:36:47.656600064,-0.17814878,0.0009091633679468918
2025-01-08 10:36:47.666387968,-0.11265182,0.002475201149482691
2025-01-08 10:36:47.676018944,-0.16333228,0.004042725959062089
2025-01-08 10:36:47.686081792,-0.24021593,0.0056108511001451075
2025-01-08 10:36:47.696278016,-0.24598619,0.0071786917772712865
2025-01-08 10:36:47.706247936,-0.25164482,0.008745365629973021
2025-01-08 10:36:47.716353024,-0.26559922,0.010309993263891684
2025-01-08 10:36:47.726114048,-0.28362656,0.011871698778751829
2025-01-08 10:36:47.735897088,-0.29036236,0.01342961029285168
2025-01-08 10:36:47.745925888,-0.27090308,0.014982860463730987
2025-01-08 10:36:47.756015104,-0.22500226,0.01653058700468051
2025-01-08 10:36:47.765808128,-0.18829274,0.01807193319676097
2025-01-08 10:36:47.776285952,-0.18408564,0.01960604839600264
2025-01-08 10:36:47.785910016,-0.16120261,0.02113208853546089
2025-01-08 10:36:47.796000000,-0.08633715,0.022649216621806956
2025-01-08 10:36:47.806190080,0.02195096,0.024156603226137555
2025-01-08 10:36:47.816525056,0.15520805,0.02565342696869144
2025-01-08 10:36:47.826006016,0.25757641,0.02713887499716569
2025-01-08 10:36:47.836039168,0.27503979,0.028612143458329662
2025-01-08 10:36:47.846268928,0.22781062,0.030072437962639243
2025-01-08 10:36:47.856281088,0.16781187,0.03151897404155995
2025-01-08 10:36:47.866103808,0.13225275,0.03295097759731235
2025-01-08 10:36:47.876229120,0.11098027,0.03436768534475951
2025-01-08 10:36:47.886049024,0.11992496,0.0357683452451617
2025-01-08 10:36:47.896166144,0.1487323,0.037152216931529945
2025-01-08 10:36:47.906305024,0.18151695,0.038518572125316015
2025-01-08 10:36:47.916160000,0.17875725,0.03986669504418319
2025-01-08 10:36:47.926703872,0.1215536,0.04119588280060838
2025-01-08 10:36:47.936256768,0.05782026,0.04250544579107335
2025-01-08 10:36:47.946283008,0.01330447,0.04379470807560923
2025-01-08 10:36:47.956588032,0.01380301,0.045063007747466154
2025-01-08 10:36:47.983654144,0.05436337,0.04630969729268656
2025-01-08 10:36:47.983671808,0.08008558,0.04753414393936828
2025-01-08 10:36:47.988199936,0.05297381,0.04873572999641119
2025-01-08 10:36:47.995894016,-0.02082491,0.049913853181548534
2025-01-08 10:36:48.006123008,-0.07730591,0.05106792693847197
2025-01-08 10:36:48.016366848,-0.11141229,0.05219738074286715
2025-01-08 10:36:48.026062080,-0.14446419,0.05330166039718498
2025-01-08 10:36:48.036098048,-0.16136843,0.054380228313981094
2025-01-08 10:36:48.046097920,-0.13064575,0.05543256378766514
2025-01-08 10:36:48.056097024,-0.11939889,0.0564581632545091
2025-01-08 10:36:48.066208000,-0.13833696,0.05745654054077252
2025-01-08 10:36:48.076194048,-0.1335519,0.05842722709881106
2025-01-08 10:36:48.086065920,-0.14359105,0.05936977223104334
2025-01-08 10:36:48.096220928,-0.19063652,0.06028374330165914
2025-01-08 10:36:48.106355968,-0.18915492,0.06116872593596173
2025-01-08 10:36:48.117788160,-0.13928151,0.062024324207244845
2025-01-08 10:36:48.126307840,-0.09488052,0.06285016081111405
2025-01-08 10:36:48.136667136,-0.07194489,0.06364587722717131
2025-01-08 10:36:48.146117888,-0.01493961,0.06441113386799
2025-01-08 10:36:48.156357120,0.0525046,0.06514561021531663
2025-01-08 10:36:48.166085888,0.09050632,0.06584900494344499
2025-01-08 10:36:48.176254976,0.12194926,0.06652103602971643
2025-01-08 10:36:48.186404096,0.14620245,0.06716144085211005
2025-01-08 10:36:48.196433152,0.13555026,0.06776997627389461
2025-01-08 10:36:48.206365952,0.10509312,0.06834641871532374
2025-01-08 10:36:48.217363968,0.10367662,0.06889056421236427
2025-01-08 10:36:48.226141952,0.10923386,0.06940222846245721
2025-01-08 10:36:48.236236032,0.21586555,0.06988124685731932
2025-01-08 10:36:48.246295808,0.34723777,0.07032747450280225
2025-01-08 10:36:48.256282112,0.37176216,0.07074078622583534
2025-01-08 10:36:48.266465792,0.41785336,0.07112107656848694
2025-01-08 10:36:48.276328960,0.52404898,0.07146825976918768
2025-01-08 10:36:48.286832128,1.26684952,0.07178226973116805
2025-01-08 10:36:48.296462080,0.63534218,0.0720630599781719
2025-01-08 10:36:48.306449920,0.13691735,0.0723106035975148
2025-01-08 10:36:48.316306944,0.45296496,0.07252489317056626
2025-01-08 10:36:48.326477056,0.82963943,0.0727059406907425
2025-01-08 10:36:48.336429056,0.9145748,0.07285377746910479
2025-01-08 10:36:48.346371840,0.62814254,0.07296845402766718
2025-01-08 10:36:48.356475136,0.11132485,0.07305003998052564
2025-01-08 10:36:48.366533120,-0.01303077,0.0730986239029282
2025-01-08 10:36:48.376530944,-0.0279597,0.07311431318841465
2025-01-08 10:36:48.386286848,0.05112326,0.0730972338941612
2025-01-08 10:36:48.396555008,0.08006096,0.07304753057467489
2025-01-08 10:36:48.406441984,0.00633794,0.07296536610398807
2025-01-08 10:36:48.416798208,-0.02406877,0.07285092148651319
2025-01-08 10:36:48.426295040,-0.03794593,0.07270439565672372
2025-01-08 10:36:48.436314112,-0.02332437,0.0725260052678356
2025-01-08 10:36:48.446584832,-0.01672602,0.07231598446966986
2025-01-08 10:36:48.456506112,-0.07436872,0.07207458467588498
2025-01-08 10:36:48.467662080,-0.07509631,0.07180207432077353
2025-01-08 10:36:48.476654080,-0.03874779,0.0714987386058251
2025-01-08 10:36:48.487958784,-0.04421818,0.07116487923626377
2025-01-08 10:36:48.496611072,-0.06512272,0.0708008141477746
2025-01-08 10:36:48.506835968,-0.04439747,0.07040687722364043
2025-01-08 10:36:48.516614912,-0.02504158,0.0699834180025156
2025-01-08 10:36:48.526704128,-0.0020085,0.06953080137706971
2025-01-08 10:36:48.536765184,0.02125919,0.06904940728373997
2025-01-08 10:36:48.546608896,0.00755978,0.06853963038383616
2025-01-08 10:36:48.557239040,0.01735622,0.06800187973624772
2025-01-08 10:36:48.566483968,0.01590985,0.06743657846200772
2025-01-08 10:36:48.576644864,-0.00127596,0.0668441634009728
2025-01-08 10:36:48.593202176,0.0209322,0.06622508476088396
2025-01-08 10:36:48.601833216,0.03941059,0.06557980575907671
2025-01-08 10:36:48.607889920,0.02258182,0.06490880225711375
2025-01-08 10:36:48.617521920,0.01466274,0.06421256238861787
2025-01-08 10:36:48.628308992,0.0375632,0.06349158618058597
2025-01-08 10:36:48.636691200,0.02835256,0.06274638516846945
2025-01-08 10:36:48.646672896,-0.01924556,0.06197748200530961
2025-01-08 10:36:48.656476928,-0.03503525,0.06118541006521947
2025-01-08 10:36:48.666621952,-0.02567166,0.06037071304150737
2025-01-08 10:36:48.676636928,-0.02865487,0.05953394453973997
2025-01-08 10:36:48.686619904,-0.00644743,0.05867566766604485
2025-01-08 10:36:48.696836096,0.02269197,0.057796454610955984
2025-01-08 10:36:48.707060224,0.03736442,0.05689688622910654
2025-01-08 10:36:48.716603136,0.03538513,0.05597755161507668
2025-01-08 10:36:48.726736896,-0.03346658,0.055039047675704354
2025-01-08 10:36:48.737015040,-0.0240947,0.05408197869917015
2025-01-08 10:36:48.746882048,0.02464002,0.05310695592116692
2025-01-08 10:36:48.756870144,0.02090979,0.052114597088467544
2025-01-08 10:36:48.766763008,-0.0017702,0.05110552602020376
2025-01-08 10:36:48.777383936,-0.02883846,0.05008037216717043
2025-01-08 10:36:48.787062016,-0.04191822,0.04903977016946945
2025-01-08 10:36:48.797689088,-0.0742557,0.04798435941280825
2025-01-08 10:36:48.806886912,-0.03143108,0.04691478358376685
2025-01-08 10:36:48.816827904,-0.01836675,0.04583169022434847
2025-01-08 10:36:48.827062016,-0.0072794,0.04473573028612653
2025-01-08 10:36:48.836973056,0.03445375,0.043627557684301724
2025-01-08 10:36:48.846800128,0.05277437,0.04250782885198071
2025-01-08 10:36:48.856771840,0.04952806,0.041377202294987495
2025-01-08 10:36:48.866875904,0.02009618,0.04023633814751641
2025-01-08 10:36:48.876934912,0.00267828,0.039085897728935066
2025-01-08 10:36:48.886846976,-0.01572716,0.037926543102042604
2025-01-08 10:36:48.896934912,-0.05833304,0.03675893663308733
2025-01-08 10:36:48.906828032,-0.09010416,0.03558374055384516
2025-01-08 10:36:48.916889856,-0.02981508,0.03440161652605791
2025-01-08 10:36:48.926856960,0.02538556,0.03321322520852768
2025-01-08 10:36:48.936754944,0.02524072,0.032019225827160956
2025-01-08 10:36:48.946985984,0.01132619,0.03082027574825236
2025-01-08 10:36:48.956943104,0.02488482,0.029617030055295354
2025-01-08 10:36:48.967021056,-0.02693599,0.02841014112960316
2025-01-08 10:36:48.977020928,-0.07441467,0.027200258235019485
2025-01-08 10:36:48.986906880,-0.03485113,0.025988027106995337
2025-01-08 10:36:48.997127168,0.01093119,0.024774089546303026
2025-01-08 10:36:49.007054080,-0.03685021,0.023559083017655427
2025-01-08 10:36:49.017019904,-0.01724321,0.02234364025349296
2025-01-08 10:36:49.026955008,0.02797699,0.021128388863196866
2025-01-08 10:36:49.036880128,0.0315519,0.019913950947982383
2025-01-08 10:36:49.047034112,0.05272776,0.018700942721720067
2025-01-08 10:36:49.056922880,0.03045875,0.017489974137928868
2025-01-08 10:36:49.066909952,-0.05919105,0.016281648523178947
2025-01-08 10:36:49.076898048,-0.01133466,0.015076562217136743
2025-01-08 10:36:49.087058176,0.0983761,0.013875304219479257
2025-01-08 10:36:49.097187072,0.02522248,0.012678455843898857
2025-01-08 10:36:49.107068160,0.0047453,0.011486590379413634
2025-01-08 10:36:49.117216000,0.00648087,0.01030027275919262
2025-01-08 10:36:49.126982912,-0.00071067,0.009120059237098799
2025-01-08 10:36:49.137159168,0.00322437,0.007946497072146614
2025-01-08 10:36:49.147160064,0.03786045,0.006780124221064101
2025-01-08 10:36:49.157041920,-0.01771313,0.005621469039143296
2025-01-08 10:36:49.167212032,0.06862718,0.004471049989555864
2025-01-08 10:36:49.177017856,0.01700604,0.0033293753613040608
2025-01-08 10:36:49.187171840,-0.06423235,0.0021969429959702792
2025-01-08 10:36:49.197254912,0.0451591,0.001074240023421378
2025-01-08 10:36:49.207132160,0.01971549,-3.825739338307938e-05
2025-01-08 10:36:49.217320960,-0.05685961,-0.0011400843043366223
2025-01-08 10:36:49.227619840,-0.0228014,-0.0022307872087512504
2025-01-08 10:36:49.237224960,-0.02293295,-0.003309924282414787
2025-01-08 10:36:49.247201024,0.04104656,-0.004377065595020535
2025-01-08 10:36:49.257200896,-0.0489043,-0.00543179331785655
2025-01-08 10:36:49.267162112,-0.03996837,-0.006473701921649923
2025-01-08 10:36:49.277051904,0.03188932,-0.007502398364468508
2025-01-08 10:36:49.287166976,-0.03115296,-0.00851750226959049
2025-01-08 10:36:49.297171968,0.01225019,-0.009518646093260022
2025-01-08 10:36:49.307017984,9.5e-07,-0.01050547528225441
2025-01-08 10:36:49.317339904,-0.05860424,-0.01147764842119646
2025-01-08 10:36:49.327023104,-0.15129268,-0.012434837369553375
2025-01-08 10:36:49.337227008,-0.0957337,-0.013376727388271056
2025-01-08 10:36:49.347389952,0.10535294,-0.014303017256000949
2025-01-08 10:36:49.357156864,0.10392326,-0.015213419374883946
2025-01-08 10:36:49.367471872,0.04339063,-0.016107659865864026
2025-01-08 10:36:49.377299968,0.07471794,-0.016985478653511854
2025-01-08 10:36:49.387272960,-0.1479156,-0.01784662954034664
2025-01-08 10:36:49.397464064,-0.2929247,-0.018690880270652074
2025-01-08 10:36:49.407201024,-0.1614328,-0.019518012583790174
2025-01-08 10:36:49.417399808,0.00710261,-0.020327822257024373
2025-01-08 10:36:49.427298048,0.26269501,-0.021120119137871218
2025-01-08 10:36:49.437211904,0.24952942,-0.021894727166007308
2025-01-08 10:36:49.447298048,0.0290345,-0.022651484384766093
2025-01-08 10:36:49.457426176,-0.16347426,-0.023390242942266493
2025-01-08 10:36:49.467228928,-0.31853825,-0.024110869082222992
2025-01-08 10:36:49.477416960,-0.21231669,-0.024813243124494195
2025-01-08 10:36:49.487569152,0.14155477,-0.025497259435434225
2025-01-08 10:36:49.497417984,0.12409252,-0.02616282638811877
2025-01-08 10:36:49.507675904,0.0920698,-0.02680986631252484
2025-01-08 10:36:49.517640960,0.06935364,-0.027438315435750166
2025-01-08 10:36:49.527442944,-0.29666078,-0.028048123812365745
2025-01-08 10:36:49.537606912,-0.02722889,-0.028639255245001563
2025-01-08 10:36:49.547532032,0.15131617,-0.029211687195272725
2025-01-08 10:36:49.557654016,-0.02503037,-0.029765410685159702
2025-01-08 10:36:49.567526144,0.03184998,-0.030300430188963546
2025-01-08 10:36:49.577575936,-0.14196533,-0.03081676351596285
2025-01-08 10:36:49.587712000,-0.02294213,-0.031314441683906354
2025-01-08 10:36:49.597496064,0.09950298,-0.0317935087834809
2025-01-08 10:36:49.607419904,-0.01731229,-0.032254021833900956
2025-01-08 10:36:49.617455872,-0.11594194,-0.03269605062977174
2025-01-08 10:36:49.627371008,-0.04166329,-0.033119677579384305
2025-01-08 10:36:49.637826816,0.05165142,-0.03352499753460618
2025-01-08 10:36:49.647409920,-0.15023541,-0.03391211761253755
2025-01-08 10:36:49.657644032,0.01133722,-0.03428115700910754
2025-01-08 10:36:49.667400960,0.16503024,-0.03463224680479159
2025-01-08 10:36:49.677474048,0.05336052,-0.034965529762635186
2025-01-08 10:36:49.687417088,0.01817364,-0.03528116011877475
2025-01-08 10:36:49.697487104,0.01469779,-0.03557930336565148
2025-01-08 10:36:49.707582976,0.07705855,-0.035860136028118064
2025-01-08 10:36:49.717551104,-0.13974243,-0.0361238454326436
2025-01-08 10:36:49.727636224,-0.09830326,-0.03637062946982563
2025-01-08 10:36:49.737566976,0.14434403,-0.036600696350422936
2025-01-08 10:36:49.747677184,-0.06572515,-0.03681426435512669
2025-01-08 10:36:49.757639936,-0.00535202,-0.037011561578291094
2025-01-08 10:36:49.767628800,0.16146708,-0.03719282566584892
2025-01-08 10:36:49.777664000,-0.06032097,-0.03735830354764029
2025-01-08 10:36:49.787595008,0.02724302,-0.037508251164386594
2025-01-08 10:36:49.797579008,-0.00324208,-0.03764293318954479
2025-01-08 10:36:49.807610112,-0.15205389,-0.03776262274627964
2025-01-08 10:36:49.817648896,0.12100726,-0.037867601119794994
2025-01-08 10:36:49.827465984,0.10702735,-0.037958157465267255
2025-01-08 10:36:49.837521920,-0.12133992,-0.038034588511626395
2025-01-08 10:36:49.847620096,0.03425676,-0.03809719826143277
2025-01-08 10:36:49.857438976,-0.07640713,-0.0381462976870991
2025-01-08 10:36:49.867335936,-0.23912442,-0.03818220442370948
2025-01-08 10:36:49.878077952,0.18571573,-0.03820524245868821
2025-01-08 10:36:49.887769088,0.20145488,-0.03821574181857329
2025-01-08 10:36:49.897889024,-0.13734591,-0.03821403825314997
2025-01-08 10:36:49.907560960,-0.04002172,-0.03820047291720123
2025-01-08 10:36:49.917771008,0.05210161,-0.03817539205013257
2025-01-08 10:36:49.927633920,-0.22629791,-0.038139146653728986
2025-01-08 10:36:49.937742080,-0.22299057,-0.03809209216830288
2025-01-08 10:36:49.947796992,-0.10619217,-0.038034588147491104
2025-01-08 10:36:49.957595136,-0.02753764,-0.03796699793196012
2025-01-08 10:36:49.967747840,0.23209143,-0.037889688322277265
2025-01-08 10:36:49.977803008,0.15966445,-0.03780302925120636
2025-01-08 10:36:49.987813120,-0.11295402,-0.03770739345568495
2025-01-08 10:36:49.997696000,0.03072774,-0.037603156148739575
2025-01-08 10:36:50.007906048,0.06090069,-0.03749069469159494
2025-01-08 10:36:50.017864960,-0.00775576,-0.03737038826623093
2025-01-08 10:36:50.029310976,0.0389781,-0.03724261754864088
2025-01-08 10:36:50.038317056,-0.00415599,-0.03710776438304224
2025-01-08 10:36:50.048271872,-0.01437575,-0.036966211457289316
2025-01-08 10:36:50.057858816,-0.01216012,-0.03681834197973599
2025-01-08 10:36:50.067735808,-0.05323428,-0.036664539357793714
2025-01-08 10:36:50.077981952,-0.00804389,-0.03650518687842821
2025-01-08 10:36:50.088036096,0.02528679,-0.03634066739083572
2025-01-08 10:36:50.097892096,-0.00995719,-0.03617136299153669
2025-01-08 10:36:50.107747072,0.00501126,-0.03599765471212232
2025-01-08 10:36:50.117833984,-0.0048008,-0.03581992220988609
2025-01-08 10:36:50.128560896,-0.011334,-0.035638543461569534
2025-01-08 10:36:50.137920000,0.02714139,-0.03545389446044758
2025-01-08 10:36:50.147911168,-0.01347846,-0.03526634891697614
2025-01-08 10:36:50.157746944,0.01774037,-0.03507627796321986
2025-01-08 10:36:50.167932928,0.01847744,-0.03488404986127528
2025-01-08 10:36:50.178034176,-0.01151931,-0.03469002971589968
2025-01-08 10:36:50.188060160,0.02470464,-0.03449457919155215
2025-01-08 10:36:50.197999872,0.0202229,-0.0342980562340496
2025-01-08 10:36:50.207916032,-0.01793033,-0.034100814797034834
2025-01-08 10:36:50.218151936,-0.00574702,-0.03390320457345052
2025-01-08 10:36:50.228015872,0.05085206,-0.03370557073220733
2025-01-08 10:36:50.238033152,0.03833067,-0.03350825366022996
2025-01-08 10:36:50.248032000,-0.04950649,-0.033311588710059944
2025-01-08 10:36:50.258176000,-0.01676309,-0.03311590595318887
2025-01-08 10:36:50.267885824,-0.00608271,-0.03292152993929022
2025-01-08 10:36:50.278025984,0.02566278,-0.03272877946151354
2025-01-08 10:36:50.288110848,-0.00500089,-0.03253796732799796
2025-01-08 10:36:50.298116864,-0.02084422,-0.03234940013975803
2025-01-08 10:36:50.307885824,-0.03026807,-0.032163378075087595
2025-01-08 10:36:50.318018048,-0.03538334,-0.03198019468062341
2025-01-08 10:36:50.327960064,0.01495719,-0.03180013666920273
2025-01-08 10:36:50.338039040,0.03381425,-0.03162348372464453
2025-01-08 10:36:50.348064000,0.14283806,-0.031450508313577236
2025-01-08 10:36:50.358084864,0.21794122,-0.03128147550443004
2025-01-08 10:36:50.368134144,0.19239843,-0.031116642793698707
2025-01-08 10:36:50.378177024,0.26751739,-0.030956259939590714
2025-01-08 10:36:50.388243968,0.2106418,-0.030800568803148038
2025-01-08 10:36:50.398399232,0.13145179,-0.030649803196939693
2025-01-08 10:36:50.408276992,0.09129798,-0.03050418874140999
2025-01-08 10:36:50.418435072,-0.06566322,-0.03036394272896156
2025-01-08 10:36:50.428318976,-0.46006954,-0.030229273995846264
2025-01-08 10:36:50.438257920,-1.0507952,-0.03010038280193021
2025-01-08 10:36:50.448235008,-1.16755605,-0.02997746071839279
2025-01-08 10:36:50.458353920,-0.92100388,-0.029860690523413076
2025-01-08 10:36:50.468195840,-0.75255531,-0.029750246105890093
2025-01-08 10:36:50.478328064,-0.58433211,-0.02964629237723741
2025-01-08 10:36:50.488236800,-0.32196248,-0.029548985191285265
2025-01-08 10:36:50.498265856,0.00141549,-0.02945847127231733
2025-01-08 10:36:50.508384000,0.27063382,-0.029374888151262414
2025-01-08 10:36:50.518113024,0.31942469,-0.029298364110054716
2025-01-08 10:36:50.528444160,0.16791546,-0.02922901813416984
2025-01-08 10:36:50.538361088,-0.12903953,-0.0291669598733371
2025-01-08 10:36:50.548276992,-0.35407841,-0.029112289610422077
2025-01-08 10:36:50.558195968,-0.34882218,-0.029065098238466973
2025-01-08 10:36:50.568273152,-0.35469413,-0.029025467245869564
2025-01-08 10:36:50.578310912,-0.2834419,-0.028993468709675514
2025-01-08 10:36:50.588102144,0.27231592,-0.028969165296951843
2025-01-08 10:36:50.598166016,0.59779388,-0.02895261027420351
2025-01-08 10:36:50.608262144,0.32088095,-0.028943847524788298
2025-01-08 10:36:50.618354176,-0.15788043,-0.02894291157427935
2025-01-08 10:36:50.628145920,-0.58009553,-0.028949827623717957
2025-01-08 10:36:50.638434816,0.03707153,-0.028964611590693676
2025-01-08 10:36:50.648164096,0.3470788,-0.028987270158182254
2025-01-08 10:36:50.658308864,-0.12296391,-0.029017800831066164
2025-01-08 10:36:50.668258816,0.00600165,-0.029056192000256515
2025-01-08 10:36:50.678347008,-0.21300113,-0.029102423014329127
2025-01-08 10:36:50.688258816,-0.05214286,-0.029156464258582305
2025-01-08 10:36:50.698414080,0.181288,-0.029218277241417404
2025-01-08 10:36:50.708372224,0.05985963,-0.029287814687938507
2025-01-08 10:36:50.718364928,-0.02079862,-0.02936502064066156
2025-01-08 10:36:50.728351232,-0.18738997,-0.029449830567218144
2025-01-08 10:36:50.738370048,0.18403316,-0.029542171474933796
2025-01-08 10:36:50.748366080,0.11343062,-0.02964196203215567
2025-01-08 10:36:50.758519808,-0.0932374,-0.02974911269619931
2025-01-08 10:36:50.768239104,0.08449316,-0.029863525847779255
2025-01-08 10:36:50.778568960,-0.18182379,-0.029985095931783782
2025-01-08 10:36:50.788441856,0.09269798,-0.030113709604248962
2025-01-08 10:36:50.798466048,0.21201354,-0.030249245885383202
2025-01-08 10:36:50.808271872,-0.07628024,-0.03039157631848846
2025-01-08 10:36:50.818483968,0.00048244,-0.030540565134620848
2025-01-08 10:36:50.828423936,-0.0404048,-0.03069606942282832
2025-01-08 10:36:50.838465024,0.04784095,-0.030857939305800025
2025-01-08 10:36:50.848418048,0.11745131,-0.031026018120757396
2025-01-08 10:36:50.858603008,-0.01088929,-0.031200142605413962
2025-01-08 10:36:50.868387072,-0.1324572,-0.03138014308882678
2025-01-08 10:36:50.878423040,-0.22170699,-0.03156584368695951
2025-01-08 10:36:50.888556032,-0.0755294,-0.03175706250277361
2025-01-08 10:36:50.898600960,0.12129301,-0.03195361183066115
2025-01-08 10:36:50.908548096,0.11023867,-0.03215529836503001
2025-01-08 10:36:50.918364160,0.06747758,-0.032361923412849235
2025-01-08 10:36:50.928410880,-0.0698511,-0.03257328310995982
2025-01-08 10:36:50.938551808,-0.16022611,-0.03278916864095408
2025-01-08 10:36:50.948561920,-0.1173014,-0.03300936646242393
2025-01-08 10:36:50.958487040,0.03689641,-0.03323365852937685
2025-01-08 10:36:50.968646912,0.18625581,-0.033461822524616186
2025-01-08 10:36:50.978508032,-0.03094149,-0.03369363209088078
2025-01-08 10:36:50.988595968,-0.16224313,-0.033928857065537124
2025-01-08 10:36:50.998550016,0.03099722,-0.03416726371761607
2025-01-08 10:36:51.008590080,0.12608963,-0.03440861498698503
2025-01-08 10:36:51.018652928,0.01866347,-0.03465267072544509
2025-01-08 10:36:51.028593152,-0.01831436,-0.03489918793954191
2025-01-08 10:36:51.038619904,0.03578979,-0.03514792103487879
2025-01-08 10:36:51.048590848,0.01276463,-0.035398622061719
2025-01-08 10:36:51.058678016,0.00342983,-0.03565104096166504
2025-01-08 10:36:51.068593152,0.0004918,-0.03590492581520162
2025-01-08 10:36:51.078518016,-0.03599083,-0.03616002308988943
2025-01-08 10:36:51.089504000,-0.02302873,-0.0364160778889969
2025-01-08 10:36:51.098670080,-0.02535439,-0.03667283420035755
2025-01-08 10:36:51.108798976,-0.01493335,-0.03693003514524076
2025-01-08 10:36:51.118665984,0.00980258,-0.03718742322702477
2025-01-08 10:36:51.129047040,-0.01533306,-0.03744474057946165
2025-01-08 10:36:51.138791936,0.00805032,-0.03770172921432432
2025-01-08 10:36:51.149138944,0.00965977,-0.03795813126822783
2025-01-08 10:36:51.159190016,0.01267737,-0.03821368924841778
2025-01-08 10:36:51.168612096,0.03290087,-0.03846814627732048
2025-01-08 10:36:51.179287040,-0.00048697,-0.0387212463356511
2025-01-08 10:36:51.188688128,-0.00750273,-0.03897273450387802
2025-01-08 10:36:51.198838016,0.03573412,-0.039222357201843486
2025-01-08 10:36:51.208669952,0.02955282,-0.039469862426342615
2025-01-08 10:36:51.218807808,-0.01046383,-0.03971499998646563
2025-01-08 10:36:51.228660992,0.01115876,-0.03995752173651006
2025-01-08 10:36:51.238759936,0.00511986,-0.04019718180627281
2025-01-08 10:36:51.248765952,0.0081628,-0.04043373682853427
2025-01-08 10:36:51.258780928,-0.01851296,-0.04066694616354986
2025-01-08 10:36:51.268822016,0.00470084,-0.04089657212036741
2025-01-08 10:36:51.278839040,0.02506846,-0.04112238017479182
2025-01-08 10:36:51.288896000,-0.05137837,-0.04134413918382192
2025-01-08 10:36:51.298834176,0.00075358,-0.041561621596387786
2025-01-08 10:36:51.308870144,-0.00209993,-0.041774603660220566
2025-01-08 10:36:51.318966016,-0.04283804,-0.04198286562469025
2025-01-08 10:36:51.328902912,0.02122325,-0.042186191939451056
2025-01-08 10:36:51.339037952,-0.02329046,-0.04238437144873766
2025-01-08 10:36:51.349065984,-0.02943945,-0.04257719758116
2025-01-08 10:36:51.358982912,0.0349831,-0.04276446853484819
2025-01-08 10:36:51.369054976,0.06819808,-0.04294598745780378
2025-01-08 10:36:51.379086080,0.13251495,-0.043121562623317414
2025-01-08 10:36:51.389148928,0.17227197,-0.043291007600318315
2025-01-08 10:36:51.399036928,0.20474201,-0.04345414141852481
2025-01-08 10:36:51.409070848,0.19781691,-0.043610788728270344
2025-01-08 10:36:51.418957056,0.17898768,-0.04376077995488383
2025-01-08 10:36:51.429110016,0.12237084,-0.043903951447508756
2025-01-08 10:36:51.439279104,-0.01307166,-0.044040145622249414
2025-01-08 10:36:51.448738048,-0.15581101,-0.0441692110995386
2025-01-08 10:36:51.458908928,-0.38494307,-0.04429100283562592
2025-01-08 10:36:51.468909056,-0.66125447,-0.04440538224809061
2025-01-08 10:36:51.478939136,-0.77427423,-0.044512217335289
2025-01-08 10:36:51.488976128,-0.7992084,-0.04461138278965092
2025-01-08 10:36:51.499002880,-0.68788975,-0.04470276010474576
2025-01-08 10:36:51.509010176,-0.53205508,-0.04478623767604362
2025-01-08 10:36:51.519348992,-0.34956157,-0.044861710895302685
2025-01-08 10:36:51.529210112,-0.13465816,-0.04492908223851975
2025-01-08 10:36:51.538991872,0.09810084,-0.04498826134738581
2025-01-08 10:36:51.549086208,0.24241585,-0.045039165104194805
2025-01-08 10:36:51.558999040,0.21460545,-0.04508171770015879
2025-01-08 10:36:51.569065984,0.07092685,-0.04511585069708886
2025-01-08 10:36:51.579078912,-0.12067825,-0.04514150308240614
2025-01-08 10:36:51.589214976,-0.45788091,-0.04515862131745394
2025-01-08 10:36:51.599060992,-0.8914026,-0.045167159379086566
2025-01-08 10:36:51.608998144,-0.98449409,-0.04516707879451707
2025-01-08 10:36:51.619054080,-0.01198918,-0.04515834866941128
2025-01-08 10:36:51.629149952,1.25186419,-0.04514094570922134
2025-01-08 10:36:51.639166976,1.03051436,-0.04511485423375777
2025-01-08 10:36:51.648937984,-0.12315339,-0.045080066185004555
2025-01-08 10:36:51.659102976,-0.30863976,-0.04503658112818763
2025-01-08 10:36:51.669172992,-0.23600429,-0.04498440624611246
2025-01-08 10:36:51.679083008,-0.29766613,-0.04492355632679247
2025-01-08 10:36:51.689085952,0.21873802,-0.04485405374439527
2025-01-08 10:36:51.699271936,0.09104073,-0.04477592843353925
2025-01-08 10:36:51.709057024,-0.27394962,-0.04468921785697889
2025-01-08 10:36:51.719005184,-0.22008014,-0.044593966966722076
2025-01-08 10:36:51.729364992,0.12664586,-0.04449022815862892
2025-01-08 10:36:51.739031040,0.08832705,-0.04437806122054581
2025-01-08 10:36:51.749170176,0.05092579,-0.04425753327403499
2025-01-08 10:36:51.760175104,0.08833998,-0.04412871870976424
2025-01-08 10:36:51.769367808,-0.08510482,-0.043991699116626745
2025-01-08 10:36:51.779387904,0.21199149,-0.04384656320466667
2025-01-08 10:36:51.789238016,0.17016292,-0.043693406721890225
2025-01-08 10:36:51.799185920,-0.19819373,-0.043532332365047895
2025-01-08 10:36:51.809235200,-0.08521825,-0.043363449684477424
2025-01-08 10:36:51.819229952,0.06794006,-0.04318687498310298
2025-01-08 10:36:51.829179136,-0.04302472,-0.04300273120968943
2025-01-08 10:36:51.839323904,0.1394437,-0.0428111478464564
2025-01-08 10:36:51.849271040,0.11745715,-0.042612260791160685
2025-01-08 10:36:51.859165952,-0.12512016,-0.04240621223375988
2025-01-08 10:36:51.869249024,0.01344717,-0.04219315052777491
2025-01-08 10:36:51.879173120,-0.01422936,-0.041973230056472965
2025-01-08 10:36:51.889195008,-0.06034636,-0.041746611093996515
2025-01-08 10:36:51.899208960,0.04321891,-0.04151345966156814
2025-01-08 10:36:51.909405952,-0.03857368,-0.041273947378904684
2025-01-08 10:36:51.919394048,0.0228315,-0.04102825131097805
2025-01-08 10:36:51.929195008,0.02633774,-0.040776553810263585
2025-01-08 10:36:51.939393024,-0.04835451,-0.04051904235462037
2025-01-08 10:36:51.949393920,-0.03003675,-0.040255909380951305
2025-01-08 10:36:51.959433984,-0.10166913,-0.03998735211479398
2025-01-08 10:36:51.969297920,0.01417178,-0.03971357239599647
2025-01-08 10:36:51.979414016,0.10306042,-0.039434776500635225
2025-01-08 10:36:51.989465856,-0.15003848,-0.039151174959334914
2025-01-08 10:36:51.999319040,-0.08638734,-0.03886298237215298
2025-01-08 10:36:52.009267200,0.02606332,-0.038570417220194046
2025-01-08 10:36:52.019399936,0.05129868,-0.03827370167412195
2025-01-08 10:36:52.029277184,0.05225402,-0.03797306139973911
2025-01-08 10:36:52.039366912,-0.08516461,-0.037668725360805504
2025-01-08 10:36:52.049433088,-0.03763455,-0.03736092561927106
2025-01-08 10:36:52.059470848,0.11357355,-0.037049897133097524
2025-01-08 10:36:52.069561856,0.02436244,-0.036735877551847165
2025-01-08 10:36:52.079469824,0.01674867,-0.036419107010217534
2025-01-08 10:36:52.089394944,0.05296022,-0.03609982791970266
2025-01-08 10:36:52.099739136,-0.0088501,-0.03577828475856231
2025-01-08 10:36:52.109519104,-0.00542158,-0.03545472386028229
2025-01-08 10:36:52.119404032,-0.0160355,-0.03512939320070913
2025-01-08 10:36:52.129477120,-0.02775228,-0.03480254218404394
2025-01-08 10:36:52.140346112,-0.02866006,-0.03447442142788016
2025-01-08 10:36:52.149577984,-0.00060385,-0.034145282547471054
2025-01-08 10:36:52.159426816,0.00501138,-0.033815377939412465
2025-01-08 10:36:52.169555968,-0.01324475,-0.033484960564926905
2025-01-08 10:36:52.179631872,-0.00630331,-0.033154283732935004
2025-01-08 10:36:52.189737984,0.01130325,-0.0328236008830999
2025-01-08 10:36:52.199613952,0.01986694,-0.032493165369030255
2025-01-08 10:36:52.209515008,0.01874763,-0.03216323024182664
2025-01-08 10:36:52.219597056,0.00428474,-0.031834048034155925
2025-01-08 10:36:52.229534976,0.03078389,-0.031505870545036944
2025-01-08 10:36:52.239587072,-0.00856781,-0.031178948625520446
2025-01-08 10:36:52.249746944,-0.02691823,-0.030853531965444488
2025-01-08 10:36:52.259723008,0.02149892,-0.030529868881445966
2025-01-08 10:36:52.269767168,-0.00563425,-0.030208206106407037
2025-01-08 10:36:52.279577856,-0.00320494,-0.029888788580513956
2025-01-08 10:36:52.289742080,0.00286472,-0.029571859244104083
2025-01-08 10:36:52.299827200,0.01234323,-0.02925765883247488
2025-01-08 10:36:52.309780992,-0.01378548,-0.028946425672827163
2025-01-08 10:36:52.319632128,0.00029284,-0.028638395483512193
2025-01-08 10:36:52.329704960,-0.0114792,-0.028333801175750472
2025-01-08 10:36:52.340841984,0.00644791,-0.02803287265798755
2025-01-08 10:36:52.349852928,-0.02963364,-0.02773583664304939
2025-01-08 10:36:52.359782912,-0.04805237,-0.02744291645825782
2025-01-08 10:36:52.370141952,-0.02223974,-0.027154331858663037
2025-01-08 10:36:52.379759104,0.00610137,-0.026870298843548055
2025-01-08 10:36:52.389614080,0.02098864,-0.026591029476356207
2025-01-08 10:36:52.399732224,-0.02562952,-0.026316731708190422
2025-01-08 10:36:52.409687040,0.00102472,-0.026047609205028962
2025-01-08 10:36:52.419490048,0.02882212,-0.02578386117879972
2025-01-08 10:36:52.429577216,0.05789679,-0.025525682222450892
2025-01-08 10:36:52.439606784,0.08840543,-0.025273262149153167
2025-01-08 10:36:52.449660160,0.13968813,-0.02502678583576376
2025-01-08 10:36:52.459613952,0.18770337,-0.024786433070680063
2025-01-08 10:36:52.469728000,0.1286779,-0.024552378406205534
2025-01-08 10:36:52.479734784,0.05642366,-0.02432479101554748
2025-01-08 10:36:52.489612032,0.00834149,-0.024103834554561707
2025-01-08 10:36:52.499855872,-0.14702064,-0.023889667028354884
2025-01-08 10:36:52.509815808,-0.29507428,-0.023682440662851457
2025-01-08 10:36:52.519947008,-0.42360139,-0.023482301781427368
2025-01-08 10:36:52.529827072,-0.55193573,-0.023289390686708412
2025-01-08 10:36:52.539865856,-0.64074481,-0.023103841547626715
2025-01-08 10:36:52.549793024,-0.56665206,-0.022925782291824088
2025-01-08 10:36:52.559851008,-0.43146503,-0.02275533450348635
2025-01-08 10:36:52.569915136,-0.30592668,-0.022592613326688153
2025-01-08 10:36:52.579902976,-0.05012208,-0.022437727374323077
2025-01-08 10:36:52.589854976,0.23678017,-0.022290778642688587
2025-01-08 10:36:52.599927808,0.26795793,-0.0221518624317911
2025-01-08 10:36:52.609703936,0.06566489,-0.022021067271431084
2025-01-08 10:36:52.619948032,-0.17655486,-0.021898474853123396
2025-01-08 10:36:52.629897216,-0.35628349,-0.021784159967902766
2025-01-08 10:36:52.639916032,-0.34681642,-0.021678190450059746
2025-01-08 10:36:52.649917952,-0.12988085,-0.021580627126846892
2025-01-08 10:36:52.659930112,0.04288059,-0.02149152377419019
2025-01-08 10:36:52.669902080,-0.0160284,-0.021410927078435473
2025-01-08 10:36:52.679763968,-0.01607454,-0.021338876604154563
2025-01-08 10:36:52.689958144,-0.10180259,-0.021275404768030325
2025-01-08 10:36:52.700016896,0.02878129,-0.021220536818835577
2025-01-08 10:36:52.710006016,0.28030157,-0.02117429082351434
2025-01-08 10:36:52.720203008,0.0862,-0.021136677659369968
2025-01-08 10:36:52.730114048,-0.01265824,-0.021107701012358846
2025-01-08 10:36:52.740036864,-0.1936785,-0.021087357381483245
2025-01-08 10:36:52.749874944,-0.1779502,-0.021075636089272168
2025-01-08 10:36:52.759991040,0.21294719,-0.021072519298333484
2025-01-08 10:36:52.769996800,-0.06622326,-0.021077982033955715
2025-01-08 10:36:52.779922944,-0.20036113,-0.02109199221273279
2025-01-08 10:36:52.790030848,0.027578,-0.021114510677180055
2025-01-08 10:36:52.800143104,0.01184642,-0.021145491236304662
2025-01-08 10:36:52.810000896,0.13260335,-0.021184880712088704
2025-01-08 10:36:52.820424960,0.09359092,-0.021232618991838342
2025-01-08 10:36:52.830403072,-0.10732311,-0.02128863908634731
2025-01-08 10:36:52.840060928,0.07531029,-0.021352867193818608
2025-01-08 10:36:52.850027008,-0.0422073,-0.02142522276948292
2025-01-08 10:36:52.860097792,-0.06970096,-0.021505618600848046
2025-01-08 10:36:52.871526912,0.2019406,-0.021593960888508637
2025-01-08 10:36:52.880395008,-0.07090479,-0.02169014933244118
2025-01-08 10:36:52.890191104,-0.10725582,-0.021794077223704408
2025-01-08 10:36:52.901096192,0.07513297,-0.021905631541461013
2025-01-08 10:36:52.910292992,-0.11852169,-0.02202469305523209
2025-01-08 10:36:52.920658944,0.06795943,-0.02215113643229155
2025-01-08 10:36:52.930102016,0.09228706,-0.022284830350103226
2025-01-08 10:36:52.939981056,0.05603319,-0.022425637613699662
2025-01-08 10:36:52.950145024,0.03159416,-0.022573415277897264
2025-01-08 10:36:52.960108032,-0.13441449,-0.022728014774238515
2025-01-08 10:36:52.970168064,-0.06471193,-0.022889282042548344
2025-01-08 10:36:52.980231168,0.04586309,-0.023057057666987797
2025-01-08 10:36:52.990222080,0.06943512,-0.0232311770164844
2025-01-08 10:36:53.000153088,0.06999862,-0.023411470389415476
2025-01-08 10:36:53.010184960,0.13379997,-0.023597763162416706
2025-01-08 10:36:53.020320000,0.07277054,-0.023789875943185285
2025-01-08 10:36:53.030184960,-0.10803944,-0.02398762472714368
2025-01-08 10:36:53.040049920,-0.18405998,-0.024190821057826845
2025-01-08 10:36:53.050031872,-0.20216167,-0.02439927219085292
2025-01-08 10:36:53.060323072,-0.16409582,-0.02461278126133434
2025-01-08 10:36:53.070415104,-0.0191316,-0.02483114745458383
2025-01-08 10:36:53.086657024,0.00534523,-0.025054166179966912
2025-01-08 10:36:53.090589952,0.13044751,-0.025281629247750285
2025-01-08 10:36:53.100493824,0.09299338,-0.025513325048792817
2025-01-08 10:36:53.110320128,-0.23795021,-0.025749038736923843
2025-01-08 10:36:53.120259072,-0.05764925,-0.02598855241385158
2025-01-08 10:36:53.130249984,0.20399755,-0.026231645316441857
2025-01-08 10:36:53.140889856,0.0371325,-0.026478094006206394
2025-01-08 10:36:53.150334976,-0.02358878,-0.026727672560837388
2025-01-08 10:36:53.160346112,0.02338552,-0.026980152767624253
2025-01-08 10:36:53.170407168,-0.00084585,-0.02723530431858653
2025-01-08 10:36:53.180392960,-0.01804876,-0.027492895007155866
2025-01-08 10:36:53.190393088,-0.00983804,-0.027752690926238995
2025-01-08 10:36:53.200613888,0.00050706,-0.02801445666749232
2025-01-08 10:36:53.210592000,-0.00426656,-0.02827795552163817
2025-01-08 10:36:53.220633856,0.00560385,-0.02854294967965216
2025-01-08 10:36:53.231781120,0.02649486,-0.028809200434649913
2025-01-08 10:36:53.240665856,-0.00731975,-0.029076468384302057
2025-01-08 10:36:53.250524160,-0.01081347,-0.029344513633605043
2025-01-08 10:36:53.260574976,0.02452391,-0.0296130959978361
2025-01-08 10:36:53.270593792,-0.02382112,-0.02988197520552002
2025-01-08 10:36:53.280599040,-0.00954771,-0.030150911101236057
2025-01-08 10:36:53.290471168,0.00497675,-0.03041966384809346
2025-01-08 10:36:53.300647936,-0.0389958,-0.03068799412970429
2025-01-08 10:36:53.310503936,-0.00840509,-0.03095566335148342
2025-01-08 10:36:53.320473856,0.03076786,-0.031222433841105623
2025-01-08 10:36:53.330387200,0.01936644,-0.031488069047951206
2025-01-08 10:36:53.340495104,0.00599629,-0.031752333741372124
2025-01-08 10:36:53.350516992,0.02213973,-0.03201499420761212
2025-01-08 10:36:53.360656128,-0.00822508,-0.0322758184452154
2025-01-08 10:36:53.370611968,-0.02111495,-0.032534576358760114
2025-01-08 10:36:53.380565760,0.02201456,-0.032791039950754164
2025-01-08 10:36:53.390511872,0.01289254,-0.03304498351153277
2025-01-08 10:36:53.400578048,-0.00093621,-0.033296183806999266
2025-01-08 10:36:53.410586112,-0.01933581,-0.033544420264051945
2025-01-08 10:36:53.420603136,0.02314538,-0.033789475153542706
2025-01-08 10:36:53.430509056,-0.0156582,-0.03403113377061485
2025-01-08 10:36:53.442241792,-0.03721422,-0.03426918461226999
2025-01-08 10:36:53.450738944,0.00075275,-0.03450341955201664
2025-01-08 10:36:53.460647936,-0.05116242,-0.034733634011455294
2025-01-08 10:36:53.470554112,-0.04229242,-0.03495962712865807
2025-01-08 10:36:53.480567808,0.0517472,-0.035181201923203266
2025-01-08 10:36:53.490873088,-0.01610881,-0.03539816545772851
2025-01-08 10:36:53.500768000,0.00244695,-0.0356103289958693
2025-01-08 10:36:53.510636032,0.04441863,-0.035817508156452446
2025-01-08 10:36:53.520595200,0.00815529,-0.03601952306381783
2025-01-08 10:36:53.530670848,0.1140672,-0.036216198494144966
2025-01-08 10:36:53.540724992,0.10799068,-0.03640736401766414
2025-01-08 10:36:53.550703104,0.0404619,-0.03659285413663603
2025-01-08 10:36:53.560651008,0.18319571,-0.03677250841898688
2025-01-08 10:36:53.570662144,0.18539941,-0.03694617162749045
2025-01-08 10:36:53.580670208,0.02756155,-0.03711369384439146
2025-01-08 10:36:53.590610944,-0.06669736,-0.037274930591369757
2025-01-08 10:36:53.600580096,-0.18351644,-0.03742974294474763
2025-01-08 10:36:53.610723072,-0.34340775,-0.037577997645847884
2025-01-08 10:36:53.620718848,-0.47270322,-0.03771956720641333
2025-01-08 10:36:53.630757120,-0.54272503,-0.037854330009003526
2025-01-08 10:36:53.643155200,-0.51651317,-0.03798217040228844
2025-01-08 10:36:53.651017984,-0.43176383,-0.03810297879116322
2025-01-08 10:36:53.660854016,-0.36358202,-0.03821665172161267
2025-01-08 10:36:53.670778112,-0.23715109,-0.03832309196025867
2025-01-08 10:36:53.680766976,-0.07038134,-0.0384222085685281
2025-01-08 10:36:53.690708992,0.13213491,-0.038513916971383684
2025-01-08 10:36:53.700776960,0.31648254,-0.038598139020564685
2025-01-08 10:36:53.710881024,0.11490732,-0.038674803052289035
2025-01-08 10:36:53.720956928,-0.19968593,-0.03874384393937329
2025-01-08 10:36:53.730887936,-0.26676571,-0.038805203137731704
2025-01-08 10:36:53.740771072,-0.3357724,-0.03885882872722012
2025-01-08 10:36:53.750940928,-0.37045735,-0.03890467544679551
2025-01-08 10:36:53.760721920,-0.27205086,-0.03894270472396693
2025-01-08 10:36:53.770749184,0.05352348,-0.03897288469851803
2025-01-08 10:36:53.780836096,0.32674032,-0.038995190240486616
2025-01-08 10:36:53.790825984,0.07000017,-0.039009602962391504
2025-01-08 10:36:53.800934144,-0.32575691,-0.03901611122570154
2025-01-08 10:36:53.810924032,0.04078227,-0.03901471014154692
2025-01-08 10:36:53.820907008,0.37898958,-0.03900540156567745
2025-01-08 10:36:53.830889984,0.02819258,-0.038988194087677785
2025-01-08 10:36:53.841031168,-0.14046371,-0.038963103014453694
2025-01-08 10:36:53.850991104,-0.17273736,-0.03893015034800937
2025-01-08 10:36:53.860929024,0.05394858,-0.03888936475753939
2025-01-08 10:36:53.870925056,-0.0397644,-0.038840781545864865
2025-01-08 10:36:53.880980992,-0.19354731,-0.03878444261024734
2025-01-08 10:36:53.890923008,0.06459349,-0.03872039639761892
2025-01-08 10:36:53.901063936,-0.06273788,-0.038648697854272135
2025-01-08 10:36:53.910907904,0.09636194,-0.03856940837005719
2025-01-08 10:36:53.921004032,0.1053015,-0.03848259571713931
2025-01-08 10:36:53.930990080,-0.09384412,-0.038388333983373185
2025-01-08 10:36:53.941203200,0.17599088,-0.03828670350035626
2025-01-08 10:36:53.951042048,-0.0140236,-0.03817779076622692
2025-01-08 10:36:53.960967168,-0.08175516,-0.03806168836327797
2025-01-08 10:36:53.971016960,0.10536492,-0.0379384948704606
2025-01-08 10:36:53.981017088,-0.1065051,-0.03780831477085761
2025-01-08 10:36:53.991142144,0.01380068,-0.03767125835420946
2025-01-08 10:36:54.001025024,0.07169127,-0.037527441614580694
2025-01-08 10:36:54.010991104,0.02019835,-0.03737698614325813
2025-01-08 10:36:54.021029120,0.02401274,-0.03722001901697644
2025-01-08 10:36:54.031061760,-0.05500597,-0.03705667268157076
2025-01-08 10:36:54.041164032,-0.04537231,-0.03688708483115919
2025-01-08 10:36:54.051193856,-0.15783888,-0.03671139828296263
2025-01-08 10:36:54.061175040,0.0411281,-0.03652976084787219
2025-01-08 10:36:54.071063040,0.26004148,-0.036342325196878654
2025-01-08 10:36:54.080990976,-0.03922015,-0.03614924872348134
2025-01-08 10:36:54.091079936,-0.06434584,-0.0359506934021975
2025-01-08 10:36:54.101170176,0.10673523,-0.03574682564329633
2025-01-08 10:36:54.111251968,-0.06430352,-0.035537816143884876
2025-01-08 10:36:54.121090816,-0.21563226,-0.035323839735476245
2025-01-08 10:36:54.131314944,0.0750035,-0.03510507522817333
2025-01-08 10:36:54.141273856,-0.01185489,-0.03488170525160393
2025-01-08 10:36:54.151723008,-0.18160909,-0.034653916092746255
2025-01-08 10:36:54.161270016,0.14367217,-0.034421897530785735
2025-01-08 10:36:54.171212800,0.11848021,-0.03418584266914709
2025-01-08 10:36:54.181281024,-0.03753978,-0.03394594776484755
2025-01-08 10:36:54.191333888,0.02199507,-0.03370241205531943
2025-01-08 10:36:54.201297920,-0.18173718,-0.03345543758285233
2025-01-08 10:36:54.211441920,-0.1515128,-0.033205229016807274
2025-01-08 10:36:54.221391872,0.12694764,-0.032951993473756505
2025-01-08 10:36:54.231360000,0.0843873,-0.03269594033570498
2025-01-08 10:36:54.241164032,0.00869793,-0.0324372810665505
2025-01-08 10:36:54.251245056,-0.07693636,-0.032176229026941325
2025-01-08 10:36:54.261331200,-0.01407349,-0.03191299928769091
2025-01-08 10:36:54.271162112,0.06866759,-0.03164780844191118
2025-01-08 10:36:54.281248000,-0.03599203,-0.03138087441602605
2025-01-08 10:36:54.291249152,-0.04402971,-0.031112416279828276
2025-01-08 10:36:54.301368832,-0.02754277,-0.0308426540557433
2025-01-08 10:36:54.311225856,0.01825768,-0.030571808527464193
2025-01-08 10:36:54.321302016,0.00158262,-0.030300101048122464
2025-01-08 10:36:54.331280896,-0.00739783,-0.030027753348159728
2025-01-08 10:36:54.341320960,0.00257349,-0.029754987343065382
2025-01-08 10:36:54.351334144,-0.00228518,-0.02948202494114531
2025-01-08 10:36:54.361937920,0.01236868,-0.029209087851487018
2025-01-08 10:36:54.371350016,-0.00183892,-0.028936397392285738
2025-01-08 10:36:54.381360128,0.00909269,-0.02866417429969603
2025-01-08 10:36:54.391352832,0.0225997,-0.02839263853737283
2025-01-08 10:36:54.401398016,-0.00729746,-0.028122009106865156
2025-01-08 10:36:54.411348224,-0.00070852,-0.02785250385902483
2025-01-08 10:36:54.421379072,-0.01219034,-0.02758433930659184
2025-01-08 10:36:54.431344128,0.00778788,-0.027317730438116673
2025-01-08 10:36:54.441339136,-0.00423622,-0.02705289053337883
2025-01-08 10:36:54.451330048,0.00020015,-0.026790030980459345
2025-01-08 10:36:54.461435136,0.01755708,-0.026529361094623803
2025-01-08 10:36:54.471478016,0.01047534,-0.026271087939170344
2025-01-08 10:36:54.481447936,0.01475209,-0.02601541614839603
2025-01-08 10:36:54.491415040,0.01796287,-0.025762547752832318
2025-01-08 10:36:54.501574912,-0.04463291,-0.025512682006899157
2025-01-08 10:36:54.511380992,-0.00846386,-0.02526601521912434
2025-01-08 10:36:54.521406976,0.01177257,-0.025022740585073127
2025-01-08 10:36:54.531440128,-0.01477391,-0.024783048023130524
2025-01-08 10:36:54.541448192,-0.00045031,-0.024547124013275794
2025-01-08 10:36:54.551450880,-0.00229269,-0.02431515143898695
2025-01-08 10:36:54.561496064,-0.03082371,-0.024087309432409377
2025-01-08 10:36:54.571581952,-0.00703961,-0.023863773222920426
2025-01-08 10:36:54.581561088,-0.05011612,-0.023644713989218868
2025-01-08 10:36:54.591537920,0.04174161,-0.0234302987150647
2025-01-08 10:36:54.601780992,0.04761755,-0.023220690048791872
2025-01-08 10:36:54.611586048,0.00655949,-0.02301604616671336
2025-01-08 10:36:54.621509120,0.02243888,-0.022816520640534195
2025-01-08 10:36:54.631511040,0.03552645,-0.022622262308885192
2025-01-08 10:36:54.641412864,0.06522113,-0.02243341515308588
2025-01-08 10:36:54.651501824,0.11385489,-0.02225011817724217
2025-01-08 10:36:54.661547776,0.15695703,-0.022072505292779945
2025-01-08 10:36:54.671629056,0.16485655,-0.021900705207512416
2025-01-08 10:36:54.681577984,0.11949027,-0.021734841319334838
2025-01-08 10:36:54.691517184,-0.02232528,-0.021575031614636298
2025-01-08 10:36:54.701615104,-0.14802879,-0.021421388571514377
2025-01-08 10:36:54.711873024,-0.27696043,-0.021274019067874003
2025-01-08 10:36:54.722064128,-0.38062304,-0.021133024294488077
2025-01-08 10:36:54.731632896,-0.44811529,-0.020998499673092592
2025-01-08 10:36:54.741678080,-0.51564276,-0.0208705347795853
2025-01-08 10:36:54.751597824,-0.49424899,-0.020749213272391934
2025-01-08 10:36:54.761657856,-0.41906911,-0.020634612826060113
2025-01-08 10:36:54.772579840,-0.33436418,-0.020526805070136142
2025-01-08 10:36:54.781604096,-0.16693711,-0.020425855533375656
2025-01-08 10:36:54.791644160,0.06574774,-0.020331823593334145
2025-01-08 10:36:54.801794048,0.21364522,-0.02024476243137938
2025-01-08 10:36:54.811736064,0.20107645,-0.020164718993162245
2025-01-08 10:36:54.822038784,0.03267485,-0.020091733954578573
2025-01-08 10:36:54.831832832,-0.22566658,-0.02002584169324939
2025-01-08 10:36:54.841651968,-0.45592207,-0.01996707026554244
2025-01-08 10:36:54.851567872,-0.40119833,-0.019915441389152928
2025-01-08 10:36:54.861694976,-0.00077701,-0.019870970431257014
2025-01-08 10:36:54.871726080,0.36047733,-0.019833666402246167
2025-01-08 10:36:54.881858048,0.05054438,-0.019803531955046368
2025-01-08 10:36:54.891733760,-0.37449086,-0.01978056339002096
2025-01-08 10:36:54.901833984,-0.08988237,-0.019764750665451195
2025-01-08 10:36:54.911799808,0.0558911,-0.019756077413583786
2025-01-08 10:36:54.921762048,0.13312793,-0.01975452096223004
2025-01-08 10:36:54.931817984,0.10012883,-0.019760052361896232
2025-01-08 10:36:54.941807872,-0.09785944,-0.0197726364184203
2025-01-08 10:36:54.951670016,0.03094071,-0.019792231731085016
2025-01-08 10:36:54.961762816,-0.06797236,-0.0198187907361732
2025-01-08 10:36:54.971699968,0.01921326,-0.019852259755925993
2025-01-08 10:36:54.981894144,0.01680207,-0.019892579052860113
2025-01-08 10:36:54.991884032,-0.12428212,-0.019939682889396012
2025-01-08 10:36:55.001897984,0.05731088,-0.019993499592743796
2025-01-08 10:36:55.011806976,-0.00053996,-0.02005395162498939
2025-01-08 10:36:55.022064896,-0.04415244,-0.02012095565831918
2025-01-08 10:36:55.031763200,0.024423,-0.02019442265531651
2025-01-08 10:36:55.041937152,0.00383836,-0.020274257954259443
2025-01-08 10:36:55.051821824,0.11443967,-0.02036036135934469
2025-01-08 10:36:55.061928960,0.06512809,-0.020452627235758348
2025-01-08 10:36:55.071915008,-0.06025982,-0.0205509446095099
2025-01-08 10:36:55.082391040,0.04161721,-0.020655197271942156
2025-01-08 10:36:55.091900160,-0.02913666,-0.020765263888825065
2025-01-08 10:36:55.102085120,-0.0965898,-0.02088101811393822
2025-01-08 10:36:55.111983104,0.0973891,-0.02100232870704235
2025-01-08 10:36:55.122068992,-0.03406084,-0.021129059656136553
2025-01-08 10:36:55.132082944,-0.12435699,-0.021261070303894392
2025-01-08 10:36:55.142057984,0.08023655,-0.021398215478168156
2025-01-08 10:36:55.153129984,0.04006433,-0.02154034562644732
2025-01-08 10:36:55.162126080,-0.00272781,-0.021687306954153433
2025-01-08 10:36:55.172121088,0.10593045,-0.021838941566650887
2025-01-08 10:36:55.182073088,-0.01141441,-0.021995087614849095
2025-01-08 10:36:55.192142080,-0.07857341,-0.022155579444269293
2025-01-08 10:36:55.202400000,-0.04520315,-0.022320247747445322
2025-01-08 10:36:55.211885824,-0.02724254,-0.022488919719525585
2025-01-08 10:36:55.221968896,0.04101783,-0.022661419216940034
2025-01-08 10:36:55.232004864,0.00736713,-0.022837566918993784
2025-01-08 10:36:55.241932032,-0.02467376,-0.023017180492246013
2025-01-08 10:36:55.251965952,0.01489109,-0.02320007475753068
2025-01-08 10:36:55.264998912,-0.10719585,-0.023386061859473138
2025-01-08 10:36:55.272052992,-0.16797745,-0.02357495143835439
2025-01-08 10:36:55.298995968,0.084903,-0.023766550804173135
2025-01-08 10:36:55.299022848,0.13969398,-0.023960665112753035
2025-01-08 10:36:55.302177024,-0.01579595,-0.024157097543741693
2025-01-08 10:36:55.311950848,-0.09805644,-0.024355649480345496
2025-01-08 10:36:55.321955072,-0.20275605,-0.02455612069064322
2025-01-08 10:36:55.331974912,-0.01915139,-0.02475830951031972
2025-01-08 10:36:55.341989120,0.1689536,-0.024962013026660138
2025-01-08 10:36:55.351937024,0.04079425,-0.025167027263643196
2025-01-08 10:36:55.361993984,-0.04099065,-0.0253731473679719
2025-01-08 10:36:55.372055040,0.00302619,-0.02558016779587858
2025-01-08 10:36:55.382059008,0.02038664,-0.02578788250054071
2025-01-08 10:36:55.392004096,0.02178079,-0.02599608511994322
2025-01-08 10:36:55.402034944,0.00800711,-0.026204569165022805
2025-01-08 10:36:55.412098048,0.00616097,-0.02641312820792884
2025-01-08 10:36:55.422051840,0.01466614,-0.026621556070236318
2025-01-08 10:36:55.432024064,-0.01855004,-0.026829647010945035
2025-01-08 10:36:55.442145024,0.01067901,-0.027037195914100285
2025-01-08 10:36:55.452143872,-0.00711375,-0.02724399847587011
2025-01-08 10:36:55.462372096,-0.01411033,-0.0274498513909147
2025-01-08 10:36:55.472201984,0.00972396,-0.02765455253788382
2025-01-08 10:36:55.482320128,-0.00255144,-0.02785790116387934
2025-01-08 10:36:55.492284160,-0.03480107,-0.028059698067720115
2025-01-08 10:36:55.502338048,-0.00731868,-0.02825974578184788
2025-01-08 10:36:55.512229888,0.00869012,-0.028457848752713674
2025-01-08 10:36:55.522196992,-0.01408702,-0.02865381351948564
2025-01-08 10:36:55.532263936,0.02088934,-0.028847448890920366
2025-01-08 10:36:55.542244864,-0.01215017,-0.0290385661202414
2025-01-08 10:36:55.552297216,-0.02642417,-0.029226979077870224
2025-01-08 10:36:55.562297088,0.00739455,-0.02941250442185685
2025-01-08 10:36:55.572328192,0.0562501,-0.029594961765858848
2025-01-08 10:36:55.582312960,-0.01561952,-0.029774173844519893
2025-01-08 10:36:55.592230912,-0.03699744,-0.029949966676100816
2025-01-08 10:36:55.602381056,-0.0080564,-0.030122169722218824
2025-01-08 10:36:55.612284928,0.02585262,-0.0302906160445524
2025-01-08 10:36:55.622343168,0.00207877,-0.030455142458372466
2025-01-08 10:36:55.632311040,-0.02511168,-0.03061558968276261
2025-01-08 10:36:55.642323968,0.00148469,-0.03077180248739438
2025-01-08 10:36:55.652335872,-0.0444985,-0.03092362983572593
2025-01-08 10:36:55.662415104,-0.03413337,-0.03107092502449605
2025-01-08 10:36:55.672358912,0.02156937,-0.031213545819388063
2025-01-08 10:36:55.682404096,-0.01504809,-0.03135135458674161
2025-01-08 10:36:55.692296960,-0.0178293,-0.03148421842119373
2025-01-08 10:36:55.702467072,0.03490168,-0.03161200926913382
2025-01-08 10:36:55.712538112,-0.01867473,-0.03173460404786082
2025-01-08 10:36:55.722444032,-0.03698015,-0.031851884760334466
2025-01-08 10:36:55.732408064,-0.01774234,-0.03196373860541627
2025-01-08 10:36:55.742430976,0.02821583,-0.03207005808349955
2025-01-08 10:36:55.752393984,0.06903028,-0.03217074109743201
2025-01-08 10:36:55.762381056,0.06229091,-0.032265691048638
2025-01-08 10:36:55.772424960,0.10113686,-0.032354816928352015
2025-01-08 10:36:55.782448128,0.11987591,-0.032438033403878866
2025-01-08 10:36:55.792387072,0.07008374,-0.0325152608998004
2025-01-08 10:36:55.802520064,0.02591908,-0.03258642567405281
2025-01-08 10:36:55.812524032,0.00349468,-0.03265145988880285
2025-01-08 10:36:55.822368000,-0.06199223,-0.03271030167605614
2025-01-08 10:36:55.832420096,-0.1341722,-0.03276289519793464
2025-01-08 10:36:55.842562816,-0.18719202,-0.032809190701565405
2025-01-08 10:36:55.852509952,-0.27575499,-0.03284914456852706
2025-01-08 10:36:55.862629888,-0.3789565,-0.03288271935880534
2025-01-08 10:36:55.872497152,-0.42808014,-0.03290988384921333
2025-01-08 10:36:55.882509824,-0.40087086,-0.032930613066237416
2025-01-08 10:36:55.893528064,-0.27221358,-0.032944888313273996
2025-01-08 10:36:55.902739968,-0.15089786,-0.03295269719222755
2025-01-08 10:36:55.914001920,-0.07491928,-0.0329540336194449
2025-01-08 10:36:55.922509056,0.00104696,-0.03294889783596578
2025-01-08 10:36:55.932564992,-0.06607443,-0.03293729641207459
2025-01-08 10:36:55.942562048,-0.11287016,-0.032919242246142955
2025-01-08 10:36:55.952615936,0.00645328,-0.032894754557758095
2025-01-08 10:36:55.962600960,0.12546748,-0.03286385887513642
2025-01-08 10:36:55.972635136,0.15300936,-0.032826587016826995
2025-01-08 10:36:55.982608128,0.09716779,-0.03278297706771451
2025-01-08 10:36:55.992645888,-0.0369851,-0.03273307334933622
2025-01-08 10:36:56.002882048,-0.30188936,-0.03267692638453214
2025-01-08 10:36:56.012701952,-0.35011446,-0.03261459285645309
2025-01-08 10:36:56.022793984,0.08259958,-0.032546135561955666
2025-01-08 10:36:56.032839168,0.12417203,-0.03247162335941836
2025-01-08 10:36:56.042859008,-0.05328923,-0.03239113111101784
2025-01-08 10:36:56.052859136,-0.13750857,-0.03230473961950926
2025-01-08 10:36:56.062902016,-0.01965094,-0.03221253555955933
2025-01-08 10:36:56.072758016,0.03135306,-0.032114611403685475
2025-01-08 10:36:56.082814976,-0.23160243,-0.0320110653428593
2025-01-08 10:36:56.092838912,-0.13867176,-0.031902001201837386
2025-01-08 10:36:56.102972928,0.10906309,-0.03178752834928666
2025-01-08 10:36:56.112867072,0.11995292,-0.031667761602776706
2025-01-08 10:36:56.122754048,0.01123405,-0.031542821128715384
2025-01-08 10:36:56.132864000,0.06631845,-0.031412832337309224
2025-01-08 10:36:56.142718976,-0.0404191,-0.03127792577263373
2025-01-08 10:36:56.153598976,0.08133888,-0.03113823699790378
2025-01-08 10:36:56.162707200,0.05369991,-0.030993906476038034
2025-01-08 10:36:56.172780032,-0.19910854,-0.030845079445615927
2025-01-08 10:36:56.182782976,0.05304718,-0.03069190579232945
2025-01-08 10:36:56.192738048,0.05850416,-0.03053453991603651
2025-01-08 10:36:56.202874880,0.02482527,-0.03037314059352603
2025-01-08 10:36:56.212777984,0.09895629,-0.030207870837109387
2025-01-08 10:36:56.222841088,-0.04007649,-0.030038897749156114
2025-01-08 10:36:56.232786944,-0.17786479,-0.029866392372695717
2025-01-08 10:36:56.242872064,-0.0637632,-0.029690529538210973
2025-01-08 10:36:56.252866048,0.14091754,-0.029511487706751494
2025-01-08 10:36:56.262872832,-0.02121156,-0.02932944880949985
2025-01-08 10:36:56.272830976,-0.05850351,-0.029144598083925683
2025-01-08 10:36:56.282895104,0.10975391,-0.028957123906666406
2025-01-08 10:36:56.292802048,-0.0824036,-0.028767217623276345
2025-01-08 10:36:56.302968064,-0.01917243,-0.02857507337498861
2025-01-08 10:36:56.312891904,0.19488525,-0.02838088792263758
2025-01-08 10:36:56.323111936,-0.00947803,-0.0281848604678916
2025-01-08 10:36:56.332901888,0.00898677,-0.027987192471948863
2025-01-08 10:36:56.342982144,0.10382998,-0.02778808747185163
2025-01-08 10:36:56.353007104,-0.06808197,-0.027587750894575967
2025-01-08 10:36:56.362934016,-0.15962034,-0.0273863898690567
2025-01-08 10:36:56.372960000,0.00282604,-0.027184213036309458
2025-01-08 10:36:56.382917888,-0.02417177,-0.02698143035781289
2025-01-08 10:36:56.392939008,-0.05544603,-0.026778252922316913
2025-01-08 10:36:56.403032064,0.07997471,-0.02657489275124354
2025-01-08 10:36:56.412972800,-0.02038538,-0.026371562602849064
2025-01-08 10:36:56.423571200,-0.21615577,-0.026168475775317297
2025-01-08 10:36:56.432976128,-0.14213443,-0.025965845908954937
2025-01-08 10:36:56.443034880,-0.09620923,-0.025763886787661255
2025-01-08 10:36:56.453736960,0.09584862,-0.025562812139845063
2025-01-08 10:36:56.463372032,0.18299657,-0.025362835438963005
2025-01-08 10:36:56.473301760,-0.02986002,-0.025164169703853424
2025-01-08 10:36:56.483552000,-0.0365172,-0.024967027299041013
2025-01-08 10:36:56.492950016,0.00114071,-0.024771619735187454
2025-01-08 10:36:56.503155968,0.01019561,-0.024578157469863606
2025-01-08 10:36:56.512957952,0.03843391,-0.02438684970881889
2025-01-08 10:36:56.523036928,-0.00810194,-0.024197904207923202
2025-01-08 10:36:56.533071104,0.02706909,-0.024011527075956853
2025-01-08 10:36:56.543059968,-0.00781494,-0.023827922578423047
2025-01-08 10:36:56.553046016,-0.00821275,-0.023647292942557456
2025-01-08 10:36:56.563038208,0.00664854,-0.023469838163708432
2025-01-08 10:36:56.573100032,-0.05200779,-0.023295755813260474
2025-01-08 10:36:56.583152128,-0.02943563,-0.023125240848272898
2025-01-08 10:36:56.593043968,0.04566699,-0.02295848542300436
2025-01-08 10:36:56.603117056,0.01458365,-0.022795678702492314
2025-01-08 10:36:56.613059072,-0.02780879,-0.022637006678355692
2025-01-08 10:36:56.623193856,0.00969404,-0.022482651986986884
2025-01-08 10:36:56.637847040,0.02448672,-0.022332793730297812
2025-01-08 10:36:56.643414016,-0.01434743,-0.022187607299182732
2025-01-08 10:36:56.653218048,-0.01456743,-0.02204726419985869
2025-01-08 10:36:56.663182080,0.0236159,-0.021911931883242163
2025-01-08 10:36:56.673121024,0.00062233,-0.021781773577518287
2025-01-08 10:36:56.683168000,-0.02146548,-0.021656948124056597
2025-01-08 10:36:56.693165056,0.03443044,-0.021537609816824642
2025-01-08 10:36:56.703279872,-0.00399274,-0.021423908245448337
2025-01-08 10:36:56.713206016,-0.01298076,-0.02131598814206473
2025-01-08 10:36:56.723352064,4.476e-05,-0.021213989232110333
2025-01-08 10:36:56.733176832,-0.00349367,-0.021118046089184876
2025-01-08 10:36:56.743380992,-0.0234099,-0.02102828799412702
2025-01-08 10:36:56.753185024,-0.01059699,-0.020944838798435776
2025-01-08 10:36:56.763195904,0.03719699,-0.02086781679216716
2025-01-08 10:36:56.773271040,-0.01003784,-0.02079733457643292
2025-01-08 10:36:56.783261952,-0.02808398,-0.020733498940623683
2025-01-08 10:36:56.793207808,0.0040043,-0.02067641074447595
2025-01-08 10:36:56.803357952,-0.00705993,-0.020626164805097564
2025-01-08 10:36:56.813296128,0.00196183,-0.020582849789063187
2025-01-08 10:36:56.823251968,-0.01750696,-0.02054654810968651
2025-01-08 10:36:56.833230080,-0.02961987,-0.02051733582957233
2025-01-08 10:36:56.843419904,0.02275437,-0.020495282568546668
2025-01-08 10:36:56.853370880,-0.03457606,-0.020480451417059644
2025-01-08 10:36:56.863322112,-0.01912689,-0.02047289885515034
2025-01-08 10:36:56.873347072,0.01546556,-0.020472674677059148
2025-01-08 10:36:56.883379968,0.00266415,-0.020479821921568164
2025-01-08 10:36:56.893331968,-0.00665194,-0.020494376808145226
2025-01-08 10:36:56.903439872,0.05837071,-0.020516368678963073
2025-01-08 10:36:56.913295872,0.14268571,-0.020545819946859552
2025-01-08 10:36:56.923495168,0.11666512,-0.02058274604930033
2025-01-08 10:36:56.933330176,0.12444818,-0.02062715540840043
2025-01-08 10:36:56.943508992,0.15491164,-0.02067904939705596
2025-01-08 10:36:56.953447936,0.11396039,-0.02073842231123223
2025-01-08 10:36:56.963574784,0.01988727,-0.02080526134844925
2025-01-08 10:36:56.973572864,-0.15617025,-0.020879546592500794
2025-01-08 10:36:56.983629824,-0.24778819,-0.020961251004437367
2025-01-08 10:36:56.993614080,-0.3523497,-0.02105034041983885
2025-01-08 10:36:57.003657984,-0.54259896,-0.021146773552396646
2025-01-08 10:36:57.013554176,-0.68723911,-0.021250502003820355
2025-01-08 10:36:57.023730944,-0.59206653,-0.021361470280078315
2025-01-08 10:36:57.033566976,-0.40459096,-0.02147961581397627
2025-01-08 10:36:57.043598848,-0.26455408,-0.021604868994072556
2025-01-08 10:36:57.053570048,-0.06807965,-0.021737153199923528
2025-01-08 10:36:57.063546880,0.1406315,-0.021876384843646804
2025-01-08 10:36:57.073559040,0.15780604,-0.02202247341778509
2025-01-08 10:36:57.083518976,0.02872324,-0.02217532154944749
2025-01-08 10:36:57.093462016,-0.06872845,-0.022334825060700222
2025-01-08 10:36:57.103488000,-0.16496116,-0.022500873035172904
2025-01-08 10:36:57.113475072,-0.23543167,-0.022673347890841487
2025-01-08 10:36:57.123641088,-0.32222295,-0.02285212545894347
2025-01-08 10:36:57.133544960,-0.39579082,-0.023037075068975555
2025-01-08 10:36:57.143488768,-0.14617938,-0.02322805963971897
2025-01-08 10:36:57.153757952,0.34869552,-0.023424935776232017
2025-01-08 10:36:57.164336896,0.47343159,-0.02362755387274445
2025-01-08 10:36:57.173508864,0.06655407,-0.023835758221383025
2025-01-08 10:36:57.183610880,-0.05853128,-0.024049387126652496
2025-01-08 10:36:57.193492992,-0.09846288,-0.024268273025590974
2025-01-08 10:36:57.203528960,-0.28723544,-0.02449224261351406
2025-01-08 10:36:57.213529088,0.14209235,-0.024721116975256613
2025-01-08 10:36:57.223576064,0.16014463,-0.024954711721816517
2025-01-08 10:36:57.233534976,-0.26661527,-0.025192837132299847
2025-01-08 10:36:57.243880960,-0.17605048,-0.025435298301062045
2025-01-08 10:36:57.253768960,0.0851593,-0.025681895289934874
2025-01-08 10:36:57.263617024,0.15989345,-0.025932423285424857
2025-01-08 10:36:57.273644032,-0.06307274,-0.02618667276076367
2025-01-08 10:36:57.283634944,-0.1370492,-0.026444429642686947
2025-01-08 10:36:57.293627136,-0.16129011,-0.026705475482813636
2025-01-08 10:36:57.303642112,0.1961531,-0.026969587633493518
2025-01-08 10:36:57.313757952,0.17070174,-0.027236539427986668
2025-01-08 10:36:57.323745024,-0.18871009,-0.02750610036483427
2025-01-08 10:36:57.333741056,0.03244901,-0.027778036296276617
2025-01-08 10:36:57.343832064,0.10897839,-0.02805210962056986
2025-01-08 10:36:57.354147072,-0.05149728,-0.028328079478049946
2025-01-08 10:36:57.363677952,0.05175859,-0.02860570195078774
2025-01-08 10:36:57.373686016,0.00600159,-0.028884730265676825
2025-01-08 10:36:57.383842048,-0.12159622,-0.029164915000791356
2025-01-08 10:36:57.393779968,0.0477522,-0.029446004294848414
2025-01-08 10:36:57.403791872,0.02528888,-0.029727744059606202
2025-01-08 10:36:57.413708032,-0.03704363,-0.030009878195026422
2025-01-08 10:36:57.423777024,0.07169414,-0.03029214880702637
2025-01-08 10:36:57.433760000,-0.05063188,-0.030574296427643328
2025-01-08 10:36:57.443783936,-0.03680491,-0.030856060237431957
2025-01-08 10:36:57.453731072,0.00680959,-0.031137178289911895
2025-01-08 10:36:57.463761152,-0.03728914,-0.03141738773788166
2025-01-08 10:36:57.473790976,0.09633589,-0.03169642506141191
2025-01-08 10:36:57.483772160,0.0504238,-0.03197402629732968
2025-01-08 10:36:57.493801216,-0.10675377,-0.03224992727000306
2025-01-08 10:36:57.503915008,0.02377999,-0.03252386382323443
2025-01-08 10:36:57.513724928,0.07650459,-0.03279557205306842
2025-01-08 10:36:57.523693056,-0.00569254,-0.03306478854131986
2025-01-08 10:36:57.533747968,-0.06373018,-0.03333125058962545
2025-01-08 10:36:57.543764224,-0.12225831,-0.03359469645382174
2025-01-08 10:36:57.553772800,-0.22245854,-0.03385486557845169
2025-01-08 10:36:57.563770112,-0.05240631,-0.03411149883120067
2025-01-08 10:36:57.573901056,0.13626039,-0.03436433873706254
2025-01-08 10:36:57.584206080,0.01867092,-0.03461312971203594
2025-01-08 10:36:57.593893120,0.02986073,-0.03485761829615099
2025-01-08 10:36:57.604065792,-0.02148998,-0.03509755338562583
2025-01-08 10:36:57.613902080,-0.08477658,-0.03533268646395325
2025-01-08 10:36:57.623959040,0.06737763,-0.035562771831717487
2025-01-08 10:36:57.633958144,0.00395656,-0.03578756683494182
2025-01-08 10:36:57.643964928,-0.05640054,-0.036006832091768096
2025-01-08 10:36:57.653888000,0.06176299,-0.03622033171727012
2025-01-08 10:36:57.664012032,0.0284878,-0.03642783354620388
2025-01-08 10:36:57.674056960,0.00504017,-0.03662910935349819
2025-01-08 10:36:57.683988992,0.00480932,-0.03682393507229134
2025-01-08 10:36:57.694130944,-0.02739364,-0.03701209100931989
2025-01-08 10:36:57.704464896,0.00255173,-0.03719336205746801
2025-01-08 10:36:57.713988096,0.00814807,-0.037367537905287
2025-01-08 10:36:57.724029952,-0.01503956,-0.037534413243296864
2025-01-08 10:36:57.734033152,-0.00614583,-0.03769378796688358
2025-01-08 10:36:57.744347136,0.0094583,-0.03784546737560817
2025-01-08 10:36:57.754142976,-0.01156282,-0.03798926236874577
2025-01-08 10:36:57.764044032,-0.0210042,-0.0381249896368756
2025-01-08 10:36:57.774046976,0.00133729,-0.038252471849345444
2025-01-08 10:36:57.784080896,0.02043897,-0.03837153783743674
2025-01-08 10:36:57.794092800,-0.04835773,-0.03848202277305993
2025-01-08 10:36:57.804187904,-0.01534832,-0.03858376834281218
2025-01-08 10:36:57.814040064,0.00581193,-0.03867662291723331
2025-01-08 10:36:57.824071936,-0.00801045,-0.038760441715099195
2025-01-08 10:36:57.834098944,0.00664008,-0.0388350869625949
2025-01-08 10:36:57.844398080,-0.00984544,-0.03890042804721429
2025-01-08 10:36:57.854042880,-0.02653307,-0.038956341666236106
2025-01-08 10:36:57.864192000,0.04368657,-0.03900271196963064
2025-01-08 10:36:57.874062080,-0.01333773,-0.03903943069725524
2025-01-08 10:36:57.884294912,-0.0190686,-0.039066397310201145
2025-01-08 10:36:57.894275840,0.02710271,-0.03908351911615827
2025-01-08 10:36:57.904411136,0.00767648,-0.03909071138866949
2025-01-08 10:36:57.914288896,-0.00756204,-0.039087897480149805
2025-01-08 10:36:57.924282112,0.00142199,-0.03907500892855129
2025-01-08 10:36:57.934253056,0.00987375,-0.03905198555755905
2025-01-08 10:36:57.944339968,0.00712448,-0.03901877557020823
2025-01-08 10:36:57.954371840,0.01791614,-0.038975335635817544
2025-01-08 10:36:57.964457984,-0.01508367,-0.03892163097013969
2025-01-08 10:36:57.974505984,-0.03440928,-0.03885763540863406
2025-01-08 10:36:57.984483840,-0.02552098,-0.03878333147277292
2025-01-08 10:36:57.994332160,0.03546071,-0.03869871042929699
2025-01-08 10:36:58.004493056,-0.02963996,-0.038603772342342475
2025-01-08 10:36:58.014385920,-0.04083019,-0.03849852611836686
2025-01-08 10:36:58.024747008,0.00912911,-0.03838298954380619
2025-01-08 10:36:58.034267904,0.03621024,-0.03825718931540274
2025-01-08 10:36:58.044209920,0.0001775,-0.03812116106314746
2025-01-08 10:36:58.054322944,0.00302655,-0.03797494936578734
2025-01-08 10:36:58.064357888,0.04656726,-0.03781860775885406
2025-01-08 10:36:58.074309120,0.05564207,-0.03765219873517586
2025-01-08 10:36:58.084389888,0.07145071,-0.037475793737840886
2025-01-08 10:36:58.094347008,0.11710614,-0.03728947314558597
2025-01-08 10:36:58.104432128,0.1219728,-0.03709332625059138
2025-01-08 10:36:58.114356992,0.12350267,-0.036887451228667524
2025-01-08 10:36:58.124303104,0.09437186,-0.036671955101826414
2025-01-08 10:36:58.134289152,-0.06486046,-0.03644695369323626
2025-01-08 10:36:58.144377856,-0.16541624,-0.036212571574564326
2025-01-08 10:36:58.154320128,-0.21970463,-0.035968942005718874
2025-01-08 10:36:58.165106176,-0.36719435,-0.0357162068670076
2025-01-08 10:36:58.174444800,-0.50848091,-0.035454516583735995
2025-01-08 10:36:58.184313088,-0.56636637,-0.035184030043275284
2025-01-08 10:36:58.194551040,-0.48292136,-0.03490491450463611
2025-01-08 10:36:58.204446976,-0.32342815,-0.03461734550058972
2025-01-08 10:36:58.214409984,-0.23953325,-0.03432150673238535
2025-01-08 10:36:58.224412928,-0.12177992,-0.03401758995711812
2025-01-08 10:36:58.234590976,0.08114719,-0.033705794867808066
2025-01-08 10:36:58.244452864,0.14417648,-0.03338632896625733
2025-01-08 10:36:58.254429184,-0.0356186,-0.03305940742875794
2025-01-08 10:36:58.264484864,-0.10703015,-0.0327252529647296
2025-01-08 10:36:58.274403072,-0.08076346,-0.032384095668372
2025-01-08 10:36:58.284495104,-0.07048506,-0.032036172863422745
2025-01-08 10:36:58.294464000,-0.01688856,-0.03168172894111759
2025-01-08 10:36:58.304527872,-0.01457775,-0.03132101519145563
2025-01-08 10:36:58.316609024,-0.06029522,-0.030954289627877756
2025-01-08 10:36:58.324604928,-0.126616,-0.030581816805472648
2025-01-08 10:36:58.334419968,-0.06401259,-0.030203867632829878
2025-01-08 10:36:58.344603136,0.16762203,-0.02982071917766561
2025-01-08 10:36:58.354502912,0.11811143,-0.029432654466351457
2025-01-08 10:36:58.364451840,-0.05869925,-0.02903996227748284
2025-01-08 10:36:58.374518016,-0.28151542,-0.028642936929628427
2025-01-08 10:36:58.384556032,-0.11049795,-0.028241878063406927
2025-01-08 10:36:58.394661888,0.18314439,-0.027837090418043598
2025-01-08 10:36:58.404644096,-0.11312973,-0.027428883602562754
2025-01-08 10:36:58.414558976,-0.01410174,-0.027017571861778323
2025-01-08 10:36:58.424601088,-0.00441825,-0.026603473837248683
2025-01-08 10:36:58.434652928,0.02098382,-0.02618691232336701
2025-01-08 10:36:58.444600064,0.12657565,-0.025768214018762916
2025-01-08 10:36:58.454592000,-0.06588781,-0.02534770927319515
2025-01-08 10:36:58.464715008,-0.0287534,-0.024925731830120194
2025-01-08 10:36:58.474617856,-0.0126031,-0.024502618565124864
2025-01-08 10:36:58.484708096,0.04000276,-0.02407870922041572
2025-01-08 10:36:58.494987008,-0.00882751,-0.023654346135561846
2025-01-08 10:36:58.504802048,-0.04657197,-0.023229873974690653
2025-01-08 10:36:58.514596096,0.08098722,-0.02280563945034123
2025-01-08 10:36:58.524653056,-0.0233134,-0.022381991044181863
2025-01-08 10:36:58.534599168,0.05396527,-0.021959278724802484
2025-01-08 10:36:58.544677888,-0.0026238,-0.02153785366279573
2025-01-08 10:36:58.554725888,-0.09310496,-0.02111806794334314
2025-01-08 10:36:58.564762112,0.07556617,-0.02070027427652592
2025-01-08 10:36:58.574651904,-0.09487849,-0.02028482570558256
2025-01-08 10:36:58.584681984,-0.03030306,-0.019872075313337574
2025-01-08 10:36:58.594927104,0.12217647,-0.019462375927028614
2025-01-08 10:36:58.604877056,-0.04265374,-0.01905607982176069
2025-01-08 10:36:58.614891008,-0.03211927,-0.018653538422818704
2025-01-08 10:36:58.624720128,0.08095479,-0.018255102007071082
2025-01-08 10:36:58.634696960,-0.01746941,-0.0178611194036989
2025-01-08 10:36:58.644722944,-0.00464278,-0.017471937694486392
2025-01-08 10:36:58.654761984,0.07644612,-0.017087901913910037
2025-01-08 10:36:58.664883968,-0.08341986,-0.01670935474926435
2025-01-08 10:36:58.674789888,0.03604525,-0.01633663624106361
2025-01-08 10:36:58.684782080,0.06803244,-0.015970083483959188
2025-01-08 10:36:58.694913024,-0.14503324,-0.01561003032841304
2025-01-08 10:36:58.704942080,0.03979474,-0.01525680708336788
2025-01-08 10:36:58.714775040,0.0201512,-0.014910740220154964
2025-01-08 10:36:58.724816128,-0.05053192,-0.014572152077880247
2025-01-08 10:36:58.734807040,0.017901,-0.014241360570529545
2025-01-08 10:36:58.744865024,-0.07998043,-0.01391867889603284
2025-01-08 10:36:58.754811136,-0.05004102,-0.013604415247527318
2025-01-08 10:36:58.764851968,-0.05187124,-0.013298872527057875
2025-01-08 10:36:58.774796032,-0.08393985,-0.01300234806195291
2025-01-08 10:36:58.784864000,0.01854318,-0.0127151333241121
2025-01-08 10:36:58.794909952,0.06492168,-0.012437513652441272
2025-01-08 10:36:58.805206016,0.02865452,-0.012169767978668249
2025-01-08 10:36:58.814963968,0.01883507,-0.01191216855677157
2025-01-08 10:36:58.824899840,-0.03188169,-0.011664980696252191
2025-01-08 10:36:58.835000064,-0.02172732,-0.011428462499476133
2025-01-08 10:36:58.845190912,-0.01089704,-0.011202864603313727
2025-01-08 10:36:58.855040000,-0.01420176,-0.010988429925298726
2025-01-08 10:36:58.865072128,0.05804741,-0.010785393414527786
2025-01-08 10:36:58.875077120,0.03607464,-0.010593981807518055
2025-01-08 10:36:58.885113088,-0.01244766,-0.010414413389237553
2025-01-08 10:36:58.895095040,-0.03981543,-0.01024689775951996
2025-01-08 10:36:58.905186816,-0.03250223,-0.010091635605071848
2025-01-08 10:36:58.915169024,-0.01735574,-0.00994881847727707
2025-01-08 10:36:58.925008128,0.01023418,-0.009818628575999189
2025-01-08 10:36:58.934993152,0.01047832,-0.009701238539579007
2025-01-08 10:36:58.945254144,-0.00240606,-0.009596811241220273
2025-01-08 10:36:58.955024896,0.00363123,-0.009505499591952179
2025-01-08 10:36:58.965364992,-0.01209956,-0.009427446350353367
2025-01-08 10:36:58.975121920,0.00236136,-0.009362783939217183
2025-01-08 10:36:58.985563136,0.03430027,-0.009311634269333468
2025-01-08 10:36:58.995084032,-0.0048371,-0.009274108570557514
2025-01-08 10:36:59.005091840,-0.03482264,-0.009250307230331307
2025-01-08 10:36:59.015273216,0.0059374,-0.009240319639817767
2025-01-08 10:36:59.025083904,0.0016529,-0.009244224047802957
2025-01-08 10:36:59.034991872,0.02377665,-0.009262087422515853
2025-01-08 10:36:59.045044992,0.01239872,-0.009293965321510125
2025-01-08 10:36:59.055234816,-0.01280707,-0.009339901769746268
2025-01-08 10:36:59.065082112,0.01810896,-0.00939992914600696
2025-01-08 10:36:59.075058944,-0.00212193,-0.009474068077772452
2025-01-08 10:36:59.085042944,-0.0095045,-0.009562327344676921
2025-01-08 10:36:59.095119872,-0.02300727,-0.009664703790660497
2025-01-08 10:36:59.105184000,-0.01282054,-0.009781182244925335
2025-01-08 10:36:59.115185920,-0.04676628,-0.009911735451798125
2025-01-08 10:36:59.125171968,-0.03765464,-0.010056324009594542
2025-01-08 10:36:59.135160064,0.01011223,-0.010214896318574973
2025-01-08 10:36:59.145176832,0.00839829,-0.010387388538073958
2025-01-08 10:36:59.155358976,-0.02440661,-0.010573724552879343
2025-01-08 10:36:59.165164032,-0.02743322,-0.010773815948930125
2025-01-08 10:36:59.175868928,0.0217694,-0.010987561998395238
2025-01-08 10:36:59.185163008,0.02209854,-0.01121484965418849
2025-01-08 10:36:59.195190784,-0.02606905,-0.011455553553968142
2025-01-08 10:36:59.205344000,-0.05799729,-0.011709536033662052
2025-01-08 10:36:59.215183872,0.01018393,-0.011976647150552808
2025-01-08 10:36:59.225251840,-0.00121397,-0.012256724715949598
2025-01-08 10:36:59.235289088,-0.00172305,-0.01254959433746672
2025-01-08 10:36:59.245213952,-4.101e-05,-0.012855069470921077
2025-01-08 10:36:59.255261952,-0.01737338,-0.013172951481854182
2025-01-08 10:36:59.265271808,0.0168671,-0.013503029716676305
2025-01-08 10:36:59.275258112,0.04197919,-0.013845081583423546
2025-01-08 10:36:59.285305856,0.08064139,-0.014198872642111175
2025-01-08 10:36:59.295310848,0.0415684,-0.014564156704658993
2025-01-08 10:36:59.305391104,0.05978054,-0.014940675944357431
2025-01-08 10:36:59.315227136,0.11339128,-0.01532816101483553
2025-01-08 10:36:59.325321984,0.09996223,-0.01572633117848465
2025-01-08 10:36:59.335336960,0.06821567,-0.01613489444428455
2025-01-08 10:36:59.345340928,0.02457613,-0.016553547714970897
2025-01-08 10:36:59.355303168,-0.07663512,-0.016981976943476175
2025-01-08 10:36:59.365326848,-0.24723941,-0.017419857298568646
2025-01-08 10:36:59.375294976,-0.35095179,-0.01786685333960675
2025-01-08 10:36:59.385346816,-0.42387444,-0.01832261920031899
2025-01-08 10:36:59.395372032,-0.4987818,-0.018786798781512692
2025-01-08 10:36:59.405409024,-0.47109812,-0.01925902595260714
2025-01-08 10:36:59.415343104,-0.32066929,-0.01973892476188034
2025-01-08 10:36:59.425371904,-0.16367567,-0.0202261096553111
2025-01-08 10:36:59.435460096,-0.03959572,-0.020720185703891503
2025-01-08 10:36:59.445436928,0.07165009,-0.021220748839277867
2025-01-08 10:36:59.455401984,0.05589032,-0.021727386097641653
2025-01-08 10:36:59.465559040,-0.06639856,-0.02223967587157479
2025-01-08 10:36:59.475397120,-0.1571213,-0.022757188169897805
2025-01-08 10:36:59.485536000,-0.22904098,-0.023279484885212073
2025-01-08 10:36:59.495404032,-0.17697078,-0.023806120069031468
2025-01-08 10:36:59.505455872,0.00852019,-0.02433664021432237
2025-01-08 10:36:59.515418880,0.140737,-0.024870584545274438
2025-01-08 10:36:59.525497856,0.14152044,-0.02540748531411914
2025-01-08 10:36:59.535453184,0.01174068,-0.02594686810480629
2025-01-08 10:36:59.545538816,-0.04741418,-0.026488252143343615
2025-01-08 10:36:59.555460864,-0.07805353,-0.027031150614598452
2025-01-08 10:36:59.565517824,0.02126932,-0.027575070985354867
2025-01-08 10:36:59.575439104,0.00749344,-0.028119515333414606
2025-01-08 10:36:59.585467136,-0.00962818,-0.028663980682524275
2025-01-08 10:36:59.595459072,0.02663833,-0.02920795934290671
2025-01-08 10:36:59.605474048,-0.25778806,-0.029750939257168863
2025-01-08 10:36:59.617103104,-0.09519917,-0.030292404351354274
2025-01-08 10:36:59.625512960,0.078282,-0.030831834890902868
2025-01-08 10:36:59.635518976,0.02667916,-0.03136870784127697
2025-01-08 10:36:59.645664000,0.0847019,-0.03190249723300747
2025-01-08 10:36:59.659228928,0.09820205,-0.03243267453091032
2025-01-08 10:36:59.665584128,-0.08983344,-0.03295870900721919
2025-01-08 10:36:59.675524864,-0.09114814,-0.03348006811837664
2025-01-08 10:36:59.685748224,0.08407891,-0.033996217885222
2025-01-08 10:36:59.695684864,0.14569724,-0.0345066232763114
2025-01-08 10:36:59.705544960,-0.10334259,-0.035010748594101054
2025-01-08 10:36:59.715569920,-0.03938824,-0.0355080578637232
2025-01-08 10:36:59.725472000,0.05172384,-0.035998015224079576
2025-01-08 10:36:59.736552960,-0.10634488,-0.03648008532097617
2025-01-08 10:36:59.745464064,0.04876637,-0.03695373370201922
2025-01-08 10:36:59.755617024,0.03111905,-0.03741842721299084
2025-01-08 10:36:59.765593088,-0.08377773,-0.03787363439542036
2025-01-08 10:36:59.775630080,0.05218345,-0.03831882588506545
2025-01-08 10:36:59.785586176,-0.01922882,-0.0387534748110155
2025-01-08 10:36:59.795582976,0.02468085,-0.03917705719512812
2025-01-08 10:36:59.805729024,0.00567973,-0.03958905235150866
2025-01-08 10:36:59.815748096,-0.0310176,-0.03998894328574096
2025-01-08 10:36:59.825758976,0.00892252,-0.04037621709357754
2025-01-08 10:36:59.835758080,-0.10751808,-0.040750365358795754
2025-01-08 10:36:59.845700096,0.02791291,-0.041110884549927104
2025-01-08 10:36:59.855716096,0.10606158,-0.04145727641556565
2025-01-08 10:36:59.865728000,-0.0401029,-0.04178904837796234
2025-01-08 10:36:59.875688192,-0.01414478,-0.04210571392461158
2025-01-08 10:36:59.885669120,0.03478283,-0.0424067929975373
2025-01-08 10:36:59.895830016,-0.12253672,-0.04269181237998619
2025-01-08 10:36:59.905986048,0.03323972,-0.042960306080236633
2025-01-08 10:36:59.915687936,0.18553984,-0.04321181571223305
2025-01-08 10:36:59.925692160,-0.06322294,-0.04344589087275659
2025-01-08 10:36:59.935782912,-0.0111528,-0.04366208951484469
2025-01-08 10:36:59.945869056,0.0880577,-0.0438599783171736
2025-01-08 10:36:59.955759104,-0.13924646,-0.04403913304912024
2025-01-08 10:36:59.965751040,-0.08810472,-0.04419913893122141
2025-01-08 10:36:59.975688960,0.05629545,-0.04433959099075132
2025-01-08 10:36:59.985671936,-0.08385742,-0.04446009441214057
2025-01-08 10:36:59.996030208,-0.01964599,-0.044560264881962706
2025-01-08 10:37:00.005933056,-0.00343305,-0.044639728928217354
2025-01-08 10:37:00.016141824,-0.04352289,-0.04469812425364243
2025-01-08 10:37:00.025698816,-0.07290882,-0.044735100062790724
2025-01-08 10:37:00.035821056,-0.10291147,-0.04475031738261073
2025-01-08 10:37:00.045871104,0.07947242,-0.04474344937627452
2025-01-08 10:37:00.055888896,0.04994023,-0.044714181649999726
2025-01-08 10:37:00.065933056,-0.01059252,-0.04466221255261752
2025-01-08 10:37:00.075614976,-0.04718864,-0.044587253467641794
2025-01-08 10:37:00.085705984,-0.01719159,-0.04448902909760046
2025-01-08 10:37:00.095802112,0.03163117,-0.044367277740393674
2025-01-08 10:37:00.105938944,0.00815493,-0.04422175155744943
2025-01-08 10:37:00.115825920,0.01274866,-0.04405221683345157
2025-01-08 10:37:00.125724160,0.01215523,-0.04385845422742124
2025-01-08 10:37:00.135976192,0.00960946,-0.043640259014937545
2025-01-08 10:37:00.146735872,0.01504058,-0.043397441321289545
2025-01-08 10:37:00.155950080,-0.01096594,-0.04312982634535718
2025-01-08 10:37:00.165911808,0.01197761,-0.04283725457402474
2025-01-08 10:37:00.176688896,-0.00507551,-0.042519581986936984
2025-01-08 10:37:00.186075904,-0.00893772,-0.04217668025141376
2025-01-08 10:37:00.198213120,-0.00661236,-0.041808436907346154
2025-01-08 10:37:00.206056960,-0.01336193,-0.04141475554190325
2025-01-08 10:37:00.216119040,-0.00729376,-0.04099555595388554
2025-01-08 10:37:00.226150144,-0.03369039,-0.04055077430756803
2025-01-08 10:37:00.235960064,0.00877517,-0.04008036327588301
2025-01-08 10:37:00.246016000,0.018929,-0.03958429217279965
2025-01-08 10:37:00.256012032,-0.0161047,-0.039062547074764774
2025-01-08 10:37:00.266096128,-0.00191194,-0.0385151309310767
2025-01-08 10:37:00.276070144,-0.00259948,-0.03794206366307154
2025-01-08 10:37:00.286107136,-0.01041222,-0.03734338225200886
2025-01-08 10:37:00.295991808,-0.01994431,-0.03671914081555133
2025-01-08 10:37:00.306235136,0.01813304,-0.0360694106727412
2025-01-08 10:37:00.316123136,0.01890212,-0.0353942803973834
2025-01-08 10:37:00.326055936,-0.00317818,-0.03469385585975437
2025-01-08 10:37:00.336179968,0.00443095,-0.03396826025656265
2025-01-08 10:37:00.346200064,-0.00240129,-0.03321763412909607
2025-01-08 10:37:00.356338944,-0.00514418,-0.03244213536949825
2025-01-08 10:37:00.366108928,-0.0173434,-0.031641939215125744
2025-01-08 10:37:00.376118784,-0.00765324,-0.030817238230945135
2025-01-08 10:37:00.386161920,0.04514462,-0.029968242279937937
2025-01-08 10:37:00.396150016,0.02019829,-0.029095178481489785
2025-01-08 10:37:00.406248960,-0.03571242,-0.028198291157748426
2025-01-08 10:37:00.416066816,-0.01233417,-0.027277841767943924
2025-01-08 10:37:00.426179840,0.0013482,-0.02633410883067285
2025-01-08 10:37:00.436182016,-0.00747865,-0.025367387834156714
2025-01-08 10:37:00.446172928,-0.01455998,-0.024377991134493644
2025-01-08 10:37:00.456801024,-0.02061045,-0.02336624784193078
2025-01-08 10:37:00.466278912,-0.0675444,-0.022332503695193233
2025-01-08 10:37:00.476249088,-0.07083207,-0.021277120923914535
2025-01-08 10:37:00.486382080,-0.03449863,-0.020200478099221483
2025-01-08 10:37:00.496174080,0.01560193,-0.019102969972535147
2025-01-08 10:37:00.506313984,0.0219112,-0.017985007302658368
2025-01-08 10:37:00.516232960,-0.02884012,-0.016847016671228277
2025-01-08 10:37:00.526211072,0.00939703,-0.015689440286621156
2025-01-08 10:37:00.536248064,0.01183087,-0.01451273577640501
2025-01-08 10:37:00.546333952,-0.04194653,-0.013317375968444005
2025-01-08 10:37:00.556281088,0.00193453,-0.012103848660766782
2025-01-08 10:37:00.566340864,0.06451392,-0.010872656380319236
2025-01-08 10:37:00.576307968,0.03782684,-0.009624316130730346
2025-01-08 10:37:00.586458880,-0.02578694,-0.008359359129227913
2025-01-08 10:37:00.596412928,0.05105817,-0.0070783305328488075
2025-01-08 10:37:00.606406912,0.01607901,-0.005781789154096612
2025-01-08 10:37:00.616320000,-0.12839156,-0.0044703071662071546
2025-01-08 10:37:00.626473984,-0.17674708,-0.003144469798190256
2025-01-08 10:37:00.636340992,-0.2521174,-0.0018048750198236835
2025-01-08 10:37:00.646373888,-0.27890193,-0.0004521332167828281
2025-01-08 10:37:00.656361216,-0.17766935,0.0009131331439028877
2025-01-08 10:37:00.666465024,-0.09289265,0.002290289857868719
2025-01-08 10:37:00.676410880,-0.04720533,0.0036786913367028644
2025-01-08 10:37:00.686420992,-0.07788569,0.0050776809702918375
2025-01-08 10:37:00.696494080,-0.09150583,0.006486591498003483
2025-01-08 10:37:00.706638080,-0.07698923,0.007904745388481411
2025-01-08 10:37:00.716630016,-0.03460282,0.009331455227818062
2025-01-08 10:37:00.726635008,0.04250962,0.010766024115867022
2025-01-08 10:37:00.736530944,0.05502176,0.012207746070448918
2025-01-08 10:37:00.746608128,-0.00840133,0.01365590643919907
2025-01-08 10:37:00.756601088,-0.00222319,0.015109782318799152
2025-01-08 10:37:00.766701056,0.0207094,0.016568642981329033
2025-01-08 10:37:00.777587968,0.03078383,0.01803175030746961
2025-01-08 10:37:00.787927040,0.02992934,0.019498359226281833
2025-01-08 10:37:00.796644864,0.03767037,0.02096771816128172
2025-01-08 10:37:00.806766080,0.04809034,0.022439069482526254
2025-01-08 10:37:00.816566016,0.00222468,0.02391164996442002
2025-01-08 10:37:00.826580992,-0.02593219,0.025384691248947718
2025-01-08 10:37:00.836601856,-0.02376765,0.026857420314033213
2025-01-08 10:37:00.846482944,0.00485152,0.028329059946721406
2025-01-08 10:37:00.856456960,0.0116666,0.02979882922087516
2025-01-08 10:37:00.867149056,-0.00962651,0.03126594397907552
2025-01-08 10:37:00.876566016,-0.00982201,0.03272961731840998
2025-01-08 10:37:00.886502912,-0.00500482,0.03418906007982967
2025-01-08 10:37:00.896538112,0.01475072,0.035643481340753576
2025-01-08 10:37:00.906646016,0.03505403,0.037092088910594526
2025-01-08 10:37:00.916531200,0.02806652,0.03853408982887885
2025-01-08 10:37:00.926587136,0.0069561,0.039968690865629423
2025-01-08 10:37:00.936584960,-0.00715441,0.04139509902367883
2025-01-08 10:37:00.946587136,-0.01805347,0.04281252204257783
2025-01-08 10:37:00.956621824,-0.02317357,0.0442201689037621
2025-01-08 10:37:00.966584064,0.02564532,0.04561725033663853
2025-01-08 10:37:00.976974080,0.01107794,0.047002979325251264
2025-01-08 10:37:00.986708992,-0.10516304,0.0483765716151859
2025-01-08 10:37:00.996692992,-0.11770511,0.04973724622037013
2025-01-08 10:37:01.006752000,-0.01460469,0.051084225929427345
2025-01-08 10:37:01.016587008,0.04482836,0.05241673781124033
2025-01-08 10:37:01.026680064,0.07492894,0.05373401371938122
2025-01-08 10:37:01.036672000,0.04063106,0.05503529079506401
2025-01-08 10:37:01.046610944,-0.00330162,0.05631981196827656
2025-01-08 10:37:01.056664064,-0.02719367,0.057586826456749014
2025-01-08 10:37:01.066734080,-0.01672113,0.05883559026241643
2025-01-08 10:37:01.076793856,0.00312489,0.060065366665034856
2025-01-08 10:37:01.086808832,0.03914952,0.06127542671261057
2025-01-08 10:37:01.096674816,0.04785615,0.062465049708304056
2025-01-08 10:37:01.106832896,0.01843393,0.06363352369347217
2025-01-08 10:37:01.116736000,0.01183444,0.06478014592651334
2025-01-08 10:37:01.126761984,0.03145784,0.06590422335718363
2025-01-08 10:37:01.136684032,0.01362246,0.06700507309605266
2025-01-08 10:37:01.146710016,-0.01231152,0.06808202287877274
2025-01-08 10:37:01.156836864,-0.00369096,0.06913441152483568
2025-01-08 10:37:01.166749952,0.00302505,0.07016158939049617
2025-01-08 10:37:01.176815872,-0.01300597,0.07116291881554344
2025-01-08 10:37:01.187616000,0.00771683,0.07213777456360626
2025-01-08 10:37:01.196805120,0.01620835,0.07308554425568077
2025-01-08 10:37:01.206835968,-0.03343362,0.07400562879657409
2025-01-08 10:37:01.216747008,-0.02414167,0.07489744279396118
2025-01-08 10:37:01.226798080,0.008654,0.07576041496975695
2025-01-08 10:37:01.236818176,0.01818472,0.07659398856350967
2025-01-08 10:37:01.246781952,0.02096099,0.07739762172752829
2025-01-08 10:37:01.256856064,-0.02141595,0.07817078791345855
2025-01-08 10:37:01.266875136,-0.06503731,0.07891297625003156
2025-01-08 10:37:01.277467136,-0.03948891,0.0796236919117107
2025-01-08 10:37:01.286866944,-0.01255774,0.08030245647797114
2025-01-08 10:37:01.296866816,-0.01266485,0.08094880828294995
2025-01-08 10:37:01.307025920,0.00810307,0.08156230275521299
2025-01-08 10:37:01.317025024,0.03894573,0.082142512747389
2025-01-08 10:37:01.326874112,0.02069288,0.08268902885542934
2025-01-08 10:37:01.336872192,-0.00239092,0.08320145972725781
2025-01-08 10:37:01.346955008,-0.01166761,0.08367943236058181
2025-01-08 10:37:01.356924928,0.00686157,0.08412259238964309
2025-01-08 10:37:01.366953984,0.02698141,0.08453060436069389
2025-01-08 10:37:01.376979968,0.00122958,0.0849031519959909
2025-01-08 10:37:01.387058944,-0.00897276,0.0852399384461079
2025-01-08 10:37:01.397069056,-0.01576155,0.08554068653037405
2025-01-08 10:37:01.406817792,0.00258201,0.08580513896525468
2025-01-08 10:37:01.417038080,0.01808923,0.08603305858049724
2025-01-08 10:37:01.427067904,0.00174308,0.0862242285228743
2025-01-08 10:37:01.436928000,0.01414341,0.08637845244736396
2025-01-08 10:37:01.446970112,0.04558849,0.08649555469561468
2025-01-08 10:37:01.456988928,0.03237462,0.086575380461552
2025-01-08 10:37:01.467021824,0.009426,0.08661779594399169
2025-01-08 10:37:01.477005056,0.03604382,0.08662268848613322
2025-01-08 10:37:01.487068928,0.06439257,0.08658996670181551
2025-01-08 10:37:01.497108992,0.07227188,0.08651956058842677
2025-01-08 10:37:01.507131136,0.10157663,0.08641142162636797
2025-01-08 10:37:01.516997120,0.16176701,0.08626552286497934
2025-01-08 10:37:01.527046912,0.22531718,0.08608185899484795
2025-01-08 10:37:01.536860928,0.27449125,0.08586044640642361
2025-01-08 10:37:01.547076096,0.33594126,0.08560132323487966
2025-01-08 10:37:01.557220096,0.40031034,0.08530454939116422
2025-01-08 10:37:01.567136000,0.50087899,0.08497020657919704
2025-01-08 10:37:01.577617920,0.65278828,0.08459839829917622
2025-01-08 10:37:01.588556032,0.67778778,0.08418924983696859
2025-01-08 10:37:01.597295872,0.66293502,0.08374290823956672
2025-01-08 10:37:01.607241984,0.66319668,0.08325954227660542
2025-01-08 10:37:01.617105920,0.33873534,0.08273934238793924
2025-01-08 10:37:01.627367936,0.20998108,0.08218252061729296
2025-01-08 10:37:01.637315072,0.44025719,0.08158931053200563
2025-01-08 10:37:01.647341056,0.47798717,0.0809599671288985
2025-01-08 10:37:01.657285888,0.28374487,0.08029476672630691
2025-01-08 10:37:01.667303936,0.26641572,0.07959400684232495
2025-01-08 10:37:01.677316864,0.33193588,0.07885800605932201
2025-01-08 10:37:01.687379968,0.32310265,0.07808710387479864
2025-01-08 10:37:01.697443072,0.36467713,0.07728166053865951
2025-01-08 10:37:01.707632896,0.46258271,0.07644205687698982
2025-01-08 10:37:01.717361920,0.43451017,0.0755686941024311
2025-01-08 10:37:01.727335936,0.36930603,0.07466199361126133
2025-01-08 10:37:01.737345024,0.37162971,0.07372239676729367
2025-01-08 10:37:01.747472128,0.36168402,0.07275036467271688
2025-01-08 10:37:01.757352960,0.3483237,0.07174637792600952
2025-01-08 10:37:01.767256064,0.37276888,0.07071093636706924
2025-01-08 10:37:01.777129984,0.39476049,0.06964455880970669
2025-01-08 10:37:01.787280128,0.41698235,0.0685477827616629
2025-01-08 10:37:01.797370880,0.40823221,0.06742116413231694
2025-01-08 10:37:01.807344896,0.35263258,0.06626527692826
2025-01-08 10:37:01.817303808,0.2545138,0.06508071293691926
2025-01-08 10:37:01.827399936,0.12738395,0.06386808139842469
2025-01-08 10:37:01.837340160,0.03408927,0.06262800866591828
2025-01-08 10:37:01.847278080,0.02477342,0.061361137854514886
2025-01-08 10:37:01.857331968,0.07636821,0.0600681284791307
2025-01-08 10:37:01.867369984,0.08924663,0.05874965608140324
2025-01-08 10:37:01.877413888,0.03832477,0.05740641184593475
2025-01-08 10:37:01.887342080,-0.08142936,0.0560391022060978
2025-01-08 10:37:01.897555968,-0.21114123,0.05464844843964964
2025-01-08 10:37:01.907581184,-0.30845505,0.05323518625440835
2025-01-08 10:37:01.917443072,-0.36940646,0.05180006536425152
2025-01-08 10:37:01.927547904,-0.39748275,0.05034384905570412
2025-01-08 10:37:01.937522944,-0.39721781,0.04886731374538963
2025-01-08 10:37:01.947458048,-0.37598228,0.04737124852862419
2025-01-08 10:37:01.957417984,-0.33773112,0.04585645471944016
2025-01-08 10:37:01.967458048,-0.29014838,0.04432374538233128
2025-01-08 10:37:01.977444864,-0.27606076,0.042773944856017654
2025-01-08 10:37:01.987461120,-0.29732615,0.04120788826953413
2025-01-08 10:37:01.997572864,-0.30870932,0.03962642105095115
2025-01-08 10:37:02.007643904,-0.2770465,0.03803039842904261
2025-01-08 10:37:02.017507072,-0.24778545,0.0364206849282197
2025-01-08 10:37:02.027443968,-0.22975105,0.0347981538570551
2025-01-08 10:37:02.037543168,-0.2086888,0.0331636867907258
2025-01-08 10:37:02.047593984,-0.22370756,0.0315181730477079
2025-01-08 10:37:02.057568000,-0.25392157,0.02986250916105989
2025-01-08 10:37:02.067746048,-0.2520678,0.028197598344635904
2025-01-08 10:37:02.077665024,-0.22139871,0.026524349954572972
2025-01-08 10:37:02.087666944,-0.19083047,0.024843678946400462
2025-01-08 10:37:02.097677824,-0.1720469,0.023156505328122818
2025-01-08 10:37:02.107613184,-0.15492672,0.0214637536096295
2025-01-08 10:37:02.117728000,-0.14282244,0.019766352248788872
2025-01-08 10:37:02.128354048,-0.14592493,0.018065233094585242
2025-01-08 10:37:02.176985856,-0.15005404,0.01636133082766031
2025-01-08 10:37:02.177004032,-0.13068998,0.014655582398622267
2025-01-08 10:37:02.177009152,-0.09089863,0.012948926464487639
2025-01-08 10:37:02.178317056,-0.00915939,0.011242302823622133
2025-01-08 10:37:02.192050944,0.03270614,0.00953665184954819
2025-01-08 10:37:02.199422976,0.07274181,0.007832913923987763
2025-01-08 10:37:02.210274048,0.10100406,0.006132028869509546
2025-01-08 10:37:02.217488128,0.10107946,0.004434935382150294
2025-01-08 10:37:02.227591936,0.09398055,0.0027425704643800957
2025-01-08 10:37:02.237620992,0.09020644,0.0010558688587814216
2025-01-08 10:37:02.247764224,0.09874213,-0.0006242375171887541
2025-01-08 10:37:02.257592832,0.10203797,-0.0022968201349847306
2025-01-08 10:37:02.267719936,0.08214194,-0.003960954416937834
2025-01-08 10:37:02.278347008,0.05619562,-0.005615720296035257
2025-01-08 10:37:02.287802880,0.04165947,-0.007260202773146282
2025-01-08 10:37:02.297998848,0.03492278,-0.008893492471331933
2025-01-08 10:37:02.307849984,0.03592813,-0.01051468618687604
2025-01-08 10:37:02.317943040,0.03652114,-0.012122887436677344
2025-01-08 10:37:02.331726080,0.03729194,-0.013717207001645361
2025-01-08 10:37:02.338182912,0.03836262,-0.015296763465744429
2025-01-08 10:37:02.364950784,0.05224276,-0.016860683750333973
2025-01-08 10:37:02.364965888,0.10526395,-0.018408103643455666
2025-01-08 10:37:02.370533888,0.08705896,-0.019938168323721427
2025-01-08 10:37:02.380259072,0.0994269,-0.021450032878460194
2025-01-08 10:37:02.387649024,0.11867204,-0.022942862815784625
2025-01-08 10:37:02.397916160,0.08420798,-0.024415834570243402
2025-01-08 10:37:02.407916032,0.00581989,-0.025868136001728662
2025-01-08 10:37:02.418003200,-0.09052944,-0.02729896688731292
2025-01-08 10:37:02.427983872,0.00185952,-0.028707539405694236
2025-01-08 10:37:02.437939968,0.03725672,-0.030093078613933497
2025-01-08 10:37:02.447921152,0.00144416,-0.03145482291617277
2025-01-08 10:37:02.458373120,-0.04268485,-0.03279202452402907
2025-01-08 10:37:02.468122112,-0.09286213,-0.034103949908363344
2025-01-08 10:37:02.481064960,-0.10928461,-0.03538988024213039
2025-01-08 10:37:02.488218112,-0.09805861,-0.0366491118340213
2025-01-08 10:37:02.498027008,-0.09339204,-0.03788095655261626
2025-01-08 10:37:02.508083968,-0.11319834,-0.03908474224077175
2025-01-08 10:37:02.518539008,-0.13279009,-0.04025981311997313
2025-01-08 10:37:02.529149952,-0.1205081,-0.04140553018438967
2025-01-08 10:37:02.538242048,-0.12246981,-0.04252127158437673
2025-01-08 10:37:02.548155904,-0.13432389,-0.043606432999176534
2025-01-08 10:37:02.558072064,-0.12939385,-0.04466042799857598
2025-01-08 10:37:02.568317952,-0.12051445,-0.04568268839328795
2025-01-08 10:37:02.584922112,-0.11736107,-0.046672664573829785
2025-01-08 10:37:02.589464832,-0.10571688,-0.047629825837680356
2025-01-08 10:37:02.605089024,-0.0930447,-0.04855366070450514
2025-01-08 10:37:02.608068096,-0.09102696,-0.04944367721924683
2025-01-08 10:37:02.618036992,-0.08787286,-0.0502994032428868
2025-01-08 10:37:02.629221888,-0.0890283,-0.05112038673069162
2025-01-08 10:37:02.638092032,-0.07509968,-0.05190619599776689
2025-01-08 10:37:02.648111104,-0.05828881,-0.052656419971748906
2025-01-08 10:37:02.658051072,-0.05184805,-0.053370668432474365
2025-01-08 10:37:02.668237056,-0.06694058,-0.0540485722384758
2025-01-08 10:37:02.678417920,-0.08096367,-0.05468978354016026
2025-01-08 10:37:02.688380928,-0.07137665,-0.05529397597953735
2025-01-08 10:37:02.698694912,-0.05683544,-0.0558608448763718
2025-01-08 10:37:02.708802048,-0.04377469,-0.056390107400644894
2025-01-08 10:37:02.718398976,-0.03449565,-0.056881502731218544
2025-01-08 10:37:02.729580032,-0.02806836,-0.057334792200604584
2025-01-08 10:37:02.738082048,-0.02152953,-0.05774975942575172
2025-01-08 10:37:02.748208128,-0.02607164,-0.05812621042477173
2025-01-08 10:37:02.758155008,-0.03755495,-0.058463973719535954
2025-01-08 10:37:02.768208128,-0.04300049,-0.058762900424082685
2025-01-08 10:37:02.778287872,-0.04182792,-0.0590228643187857
2025-01-08 10:37:02.788084992,-0.05194721,-0.05924376191024354
2025-01-08 10:37:02.798275072,-0.05479917,-0.05942551247685881
2025-01-08 10:37:02.808301056,-0.05891821,-0.05956805810008637
2025-01-08 10:37:02.818362880,-0.07211331,-0.059671363681339545
2025-01-08 10:37:02.838420992,-0.08086094,-0.05973541694455129
2025-01-08 10:37:02.838447104,0.00934821,-0.059760228424399556
2025-01-08 10:37:02.848406016,-0.07122079,-0.059745831440213004
2025-01-08 10:37:02.857988096,-0.05607438,-0.05969228205558492
2025-01-08 10:37:02.868254976,0.02609983,-0.059599659023731384
2025-01-08 10:37:02.878196992,-0.02199262,-0.0594680637186401
2025-01-08 10:37:02.888346880,0.05081686,-0.05929762005206523
2025-01-08 10:37:02.900742912,0.09827155,-0.05908847437643367
2025-01-08 10:37:02.908365056,-0.1543414,-0.058840795373736744
