TIMESTAMP,ACCZ,ACCZ_filtered
2025-01-08 10:36:47.117230848,-0.00912231,0.003284095665627413
2025-01-08 10:36:47.126228992,-0.00520378,0.0037925803777317485
2025-01-08 10:36:47.140641024,-0.00409651,0.0043136380349532745
2025-01-08 10:36:47.152226816,-0.00444013,0.004846875415683468
2025-01-08 10:36:47.156357120,-0.00804037,0.005391891955543519
2025-01-08 10:36:47.165327104,-0.01165426,0.005948280031366521
2025-01-08 10:36:47.223422976,-0.01199085,0.006515625249554274
2025-01-08 10:36:47.223440896,-0.00602973,0.007093506738602042
2025-01-08 10:36:47.223447040,-0.00358891,0.007681497445581798
2025-01-08 10:36:47.223452160,0.00183237,0.00827916443637205
2025-01-08 10:36:47.223458048,0.00893557,0.008886069199419755
2025-01-08 10:36:47.225421056,0.00955981,0.009501767952817885
2025-01-08 10:36:47.245637888,0.00634593,0.010125811954479624
2025-01-08 10:36:47.250827008,0.00607145,0.010757747815188866
2025-01-08 10:36:47.255964160,0.00600708,0.011397117814304351
2025-01-08 10:36:47.265782016,0.00606704,0.012043460217893442
2025-01-08 10:36:47.278963200,0.00852883,0.012696309599070168
2025-01-08 10:36:47.286402816,0.01185971,0.013355197160310549
2025-01-08 10:36:47.299704064,0.01187545,0.0140196510575175
2025-01-08 10:36:47.307744000,0.01068658,0.014689196725606271
2025-01-08 10:36:47.315504128,0.00980276,0.01536335720538098
2025-01-08 10:36:47.325464064,0.00349057,0.016041653471471736
2025-01-08 10:36:47.335479040,-0.00096512,0.016723604761101782
2025-01-08 10:36:47.400270080,-0.00091946,0.017408728903453574
2025-01-08 10:36:47.400471808,-6.473e-05,0.018096542649402594
2025-01-08 10:36:47.400478976,-0.00292319,0.018786562001387837
2025-01-08 10:36:47.400484096,-0.00601161,0.019478302543188074
2025-01-08 10:36:47.400489984,-0.00041628,0.02017127976937327
2025-01-08 10:36:47.400495104,0.00812429,0.020865009414201205
2025-01-08 10:36:47.405989888,0.01257932,0.02155900777973004
2025-01-08 10:36:47.415780096,0.01581496,0.022252792062918296
2025-01-08 10:36:47.425709056,0.01684821,0.02294588068148487
2025-01-08 10:36:47.435631104,0.0203529,0.023637793598302998
2025-01-08 10:36:47.445620992,0.01877725,0.024328052644103024
2025-01-08 10:36:47.455717120,0.01296812,0.025016181838260966
2025-01-08 10:36:47.467327232,0.00435793,0.025701707707450977
2025-01-08 10:36:47.475657984,0.00094014,0.026384159601941858
2025-01-08 10:36:47.485683968,0.00016582,0.027063070009319942
2025-01-08 10:36:47.496044032,0.00175887,0.02773797486542248
2025-01-08 10:36:47.505744896,0.00497895,0.02840841386226809
2025-01-08 10:36:47.515865088,0.02299786,0.029073930752773473
2025-01-08 10:36:47.525737984,0.02054936,0.02973407365204779
2025-01-08 10:36:47.535741952,0.01008558,0.03038839533505929
2025-01-08 10:36:47.545746176,0.00590169,0.03103645353047118
2025-01-08 10:36:47.555816960,0.00839853,0.03167781121044729
2025-01-08 10:36:47.624392960,0.01575011,0.032312036876230785
2025-01-08 10:36:47.624414976,0.01316762,0.03293870483930274
2025-01-08 10:36:47.624422144,0.00750262,0.033557395497930846
2025-01-08 10:36:47.624428032,0.01221448,0.03416769560892185
2025-01-08 10:36:47.624433920,0.01770347,0.034769198554395433
2025-01-08 10:36:47.624440064,0.01447219,0.035361504603400644
2025-01-08 10:36:47.625932032,0.00439548,0.03594422116820031
2025-01-08 10:36:47.636142080,-0.01183856,0.03651696305505263
2025-01-08 10:36:47.645997056,-0.04079664,0.03707935270932359
2025-01-08 10:36:47.656600064,-0.06356096,0.03763102045476808
2025-01-08 10:36:47.666387968,-0.03513777,0.03817160472682188
2025-01-08 10:36:47.676018944,0.00447464,0.03870075229975138
2025-01-08 10:36:47.686081792,0.03311414,0.03921811850751252
2025-01-08 10:36:47.696278016,0.05211091,0.039723367458175035
2025-01-08 10:36:47.706247936,0.06542885,0.0402161722417731
2025-01-08 10:36:47.716353024,0.0691812,0.04069621513144825
2025-01-08 10:36:47.726114048,0.09545684,0.041163187777755524
2025-01-08 10:36:47.735897088,0.12907988,0.04161679139600901
2025-01-08 10:36:47.745925888,0.17938906,0.04205673694654786
2025-01-08 10:36:47.756015104,0.21532911,0.04248274530780947
2025-01-08 10:36:47.765808128,0.25188655,0.042894547442101465
2025-01-08 10:36:47.776285952,0.25783455,0.04329188455397002
2025-01-08 10:36:47.785910016,0.23572302,0.043674508241066994
2025-01-08 10:36:47.796000000,0.21481252,0.04404218063742432
2025-01-08 10:36:47.806190080,0.20815063,0.044394674549049544
2025-01-08 10:36:47.816525056,0.20690596,0.044731773581761905
2025-01-08 10:36:47.826006016,0.24782771,0.04505327226119435
2025-01-08 10:36:47.836039168,0.25696862,0.04535897614489241
2025-01-08 10:36:47.846268928,0.24833649,0.045648701926446655
2025-01-08 10:36:47.856281088,0.24571431,0.045922277531601496
2025-01-08 10:36:47.866103808,0.2496379,0.046179542206288574
2025-01-08 10:36:47.876229120,0.25475287,0.04642034659653938
2025-01-08 10:36:47.886049024,0.21862191,0.04664455282023707
2025-01-08 10:36:47.896166144,0.18229216,0.046852034530673985
2025-01-08 10:36:47.906305024,0.12794137,0.04704267697188674
2025-01-08 10:36:47.916160000,0.07696402,0.047216377025747304
2025-01-08 10:36:47.926703872,0.05091256,0.047373043250793855
2025-01-08 10:36:47.936256768,0.03222156,0.04751259591279178
2025-01-08 10:36:47.946283008,0.05350947,0.04763496700702048
2025-01-08 10:36:47.956588032,0.06061733,0.04774010027228841
2025-01-08 10:36:47.983654144,0.0461145,0.047827951196683795
2025-01-08 10:36:47.983671808,0.04825866,0.04789848701507541
2025-01-08 10:36:47.988199936,0.02640891,0.047951686698382755
2025-01-08 10:36:47.995894016,-0.01184082,0.047987540934641644
2025-01-08 10:36:48.006123008,-0.05699682,0.048006052101896575
2025-01-08 10:36:48.016366848,-0.07825541,0.04800723423295731
2025-01-08 10:36:48.026062080,-0.09636104,0.04799111297206288
2025-01-08 10:36:48.036098048,-0.0733797,0.047957725523501894
2025-01-08 10:36:48.046097920,-0.05047417,0.04790712059224383
2025-01-08 10:36:48.056097024,-0.04193687,0.047839358316641586
2025-01-08 10:36:48.066208000,0.0164609,0.04775451019327124
2025-01-08 10:36:48.076194048,0.05625832,0.04765265899398035
2025-01-08 10:36:48.086065920,0.10183251,0.04753389867522203
2025-01-08 10:36:48.096220928,0.11803335,0.0473983342797568
2025-01-08 10:36:48.106355968,0.00081557,0.04724608183081027
2025-01-08 10:36:48.117788160,-0.06781411,0.0470772682187795
2025-01-08 10:36:48.126307840,-0.06205392,0.0468920310805862
2025-01-08 10:36:48.136667136,-0.01419801,0.04669051867178031
2025-01-08 10:36:48.146117888,0.10705388,0.04647288973150212
2025-01-08 10:36:48.156357120,0.23565096,0.04623931334041644
2025-01-08 10:36:48.166085888,0.30190998,0.04598996877173689
2025-01-08 10:36:48.176254976,0.31918299,0.0457250453354633
2025-01-08 10:36:48.186404096,0.29672644,0.045444742215959975
2025-01-08 10:36:48.196433152,0.27054542,0.045149268303006695
2025-01-08 10:36:48.206365952,0.25598642,0.04483884201645958
2025-01-08 10:36:48.217363968,0.33433479,0.04451369112466235
2025-01-08 10:36:48.226141952,0.53725594,0.04417405255675356
2025-01-08 10:36:48.236236032,0.32596743,0.04382017220901911
2025-01-08 10:36:48.246295808,0.42227235,0.04345230474544335
2025-01-08 10:36:48.256282112,-0.36360377,0.043070713392616124
2025-01-08 10:36:48.266465792,0.19932663,0.04267566972915687
2025-01-08 10:36:48.276328960,0.54118884,0.04226745346982036
2025-01-08 10:36:48.286832128,-0.40927124,0.04184635224445247
2025-01-08 10:36:48.296462080,-0.7825256,0.04141266137196739
2025-01-08 10:36:48.306449920,-0.56639773,0.04096668362952138
2025-01-08 10:36:48.316306944,-1.04712939,0.040508729017060846
2025-01-08 10:36:48.326477056,-0.9063853,0.04003911451742591
2025-01-08 10:36:48.336429056,-0.52179241,0.03955816385219311
2025-01-08 10:36:48.346371840,-0.21112052,0.03906620723344406
2025-01-08 10:36:48.356475136,-0.27400705,0.03856358111164875
2025-01-08 10:36:48.366533120,-0.25804147,0.038050627919855515
2025-01-08 10:36:48.376530944,-0.03493455,0.03752769581438098
2025-01-08 10:36:48.386286848,0.10106385,0.03699513841219636
2025-01-08 10:36:48.396555008,0.16633031,0.03645331452520772
2025-01-08 10:36:48.406441984,0.14536613,0.03590258789163006
2025-01-08 10:36:48.416798208,0.09585473,0.035343326904656705
2025-01-08 10:36:48.426295040,0.06744415,0.03477590433862686
2025-01-08 10:36:48.436314112,0.06737778,0.03420069707289572
2025-01-08 10:36:48.446584832,0.04613876,0.033618085813612766
2025-01-08 10:36:48.456506112,0.01030025,0.03302845481361483
2025-01-08 10:36:48.467662080,-0.02391672,0.03243219159064133
2025-01-08 10:36:48.476654080,-0.03671607,0.03182968664408032
2025-01-08 10:36:48.487958784,-0.02784073,0.031221333170454068
2025-01-08 10:36:48.496611072,0.00580639,0.030607526777853493
2025-01-08 10:36:48.506835968,0.01659337,0.029988665199531306
2025-01-08 10:36:48.516614912,0.01340607,0.029365148006863524
2025-01-08 10:36:48.526704128,0.01938879,0.02873737632188926
2025-01-08 10:36:48.536765184,0.03581093,0.028105752529638373
2025-01-08 10:36:48.546608896,-0.00921847,0.027470679990456263
2025-01-08 10:36:48.557239040,0.00106376,0.026832562752534726
2025-01-08 10:36:48.566483968,0.02048188,0.026191805264856906
2025-01-08 10:36:48.576644864,0.0255899,0.02554881209076402
2025-01-08 10:36:48.593202176,0.03261496,0.02490398762235005
2025-01-08 10:36:48.601833216,-0.01023583,0.024257735795890037
2025-01-08 10:36:48.607889920,-0.04252708,0.023610459808505933
2025-01-08 10:36:48.617521920,-0.0302043,0.02296256183627291
2025-01-08 10:36:48.628308992,0.00604034,0.022314442753967448
2025-01-08 10:36:48.636691200,0.02448823,0.021666501856656376
2025-01-08 10:36:48.646672896,0.01256639,0.0210191365833252
2025-01-08 10:36:48.656476928,-0.00225466,0.020372742242740903
2025-01-08 10:36:48.666621952,0.02728046,0.019727711741743283
2025-01-08 10:36:48.676636928,0.0670476,0.019084435316156056
2025-01-08 10:36:48.686619904,0.08645248,0.01844330026450677
2025-01-08 10:36:48.696836096,0.06899559,0.017804690684742195
2025-01-08 10:36:48.707060224,0.08146375,0.017168987214122727
2025-01-08 10:36:48.716603136,0.07749676,0.016536566772477283
2025-01-08 10:36:48.726736896,0.03024261,0.015907802308996535
2025-01-08 10:36:48.737015040,0.03396934,0.015283062552739732
2025-01-08 10:36:48.746882048,0.0673846,0.014662711767027065
2025-01-08 10:36:48.756870144,0.05315733,0.014047109507886218
2025-01-08 10:36:48.766763008,0.05201471,0.013436610386718435
2025-01-08 10:36:48.777383936,0.06517941,0.012831563837345742
2025-01-08 10:36:48.787062016,0.06509835,0.012232313887597577
2025-01-08 10:36:48.797689088,0.0776695,0.011639198935591075
2025-01-08 10:36:48.806886912,0.04336136,0.011052551530855634
2025-01-08 10:36:48.816827904,0.0156147,0.010472698160448272
2025-01-08 10:36:48.827062016,-0.02784663,0.009899959040202303
2025-01-08 10:36:48.836973056,-0.05435175,0.009334647911247712
2025-01-08 10:36:48.846800128,-0.0319208,0.008777071841937335
2025-01-08 10:36:48.856771840,0.0255689,0.008227531035308575
2025-01-08 10:36:48.866875904,0.03012282,0.007686318642206111
2025-01-08 10:36:48.876934912,-0.03461945,0.007153720580186326
2025-01-08 10:36:48.886846976,-0.02475757,0.006630015358319746
2025-01-08 10:36:48.896934912,-0.00507051,0.006115473908003109
2025-01-08 10:36:48.906828032,-0.03646606,0.005610359419887899
2025-01-08 10:36:48.916889856,-0.0901053,0.005114927187027232
2025-01-08 10:36:48.926856960,-0.09790033,0.004629424454338495
2025-01-08 10:36:48.936754944,-0.06380153,0.004154090274473673
2025-01-08 10:36:48.946985984,-0.02853906,0.0036891553701849295
2025-01-08 10:36:48.956943104,0.01937461,0.003234842003267117
2025-01-08 10:36:48.967021056,0.05187505,0.00279136385015478
2025-01-08 10:36:48.977020928,0.03635353,0.0023589258842452126
2025-01-08 10:36:48.986906880,0.04500568,0.0019377242650144386
2025-01-08 10:36:48.997127168,0.05441558,0.0015279462339875924
2025-01-08 10:36:49.007054080,0.00503182,0.0011297700176198212
2025-01-08 10:36:49.017019904,-0.0457027,0.0007433647371388
2025-01-08 10:36:49.026955008,-0.00766933,0.0003688903253943184
2025-01-08 10:36:49.036880128,0.04696739,6.497450755214141e-06
2025-01-08 10:36:49.047034112,0.05615366,-0.0003436725519113615
2025-01-08 10:36:49.056922880,0.04704964,-0.0006814877431489426
2025-01-08 10:36:49.066909952,-0.00959337,-0.001006825633684813
2025-01-08 10:36:49.076898048,-0.02676451,-0.0013195732320485005
2025-01-08 10:36:49.087058176,0.03471386,-0.0016196270850222275
2025-01-08 10:36:49.097187072,0.07919848,-0.0019068933109155505
2025-01-08 10:36:49.107068160,0.06475592,-0.0021812876256614693
2025-01-08 10:36:49.117216000,0.07822239,-0.002442735361737009
2025-01-08 10:36:49.126982912,0.03890634,-0.0026911714799163237
2025-01-08 10:36:49.137159168,-0.01525688,-0.0029265405738699945
2025-01-08 10:36:49.147160064,-0.02732825,-0.0031487968676292997
2025-01-08 10:36:49.157041920,0.00692213,-0.0033579042059396534
2025-01-08 10:36:49.167212032,0.09148657,-0.0035538360375327073
2025-01-08 10:36:49.177017856,0.13835585,-0.0037365753913517047
2025-01-08 10:36:49.187171840,0.11019003,-0.0039061148457699936
2025-01-08 10:36:49.197254912,-0.03063846,-0.0040624564908477755
2025-01-08 10:36:49.207132160,-0.0722338,-0.00420561188367709
2025-01-08 10:36:49.217320960,0.03945768,-0.004335601996870484
2025-01-08 10:36:49.227619840,0.13336682,-0.004452457160253192
2025-01-08 10:36:49.237224960,0.08215785,-0.004556216995824389
2025-01-08 10:36:49.247201024,0.04780012,-0.004646930346057234
2025-01-08 10:36:49.257200896,-0.02617794,-0.004724655195612823
2025-01-08 10:36:49.267162112,-0.06280178,-0.0047894585865474685
2025-01-08 10:36:49.277051904,-0.07871968,-0.004841416527097789
2025-01-08 10:36:49.287166976,0.01139313,-0.004880613894132409
2025-01-08 10:36:49.297171968,0.10817069,-0.004907144329363889
2025-01-08 10:36:49.307017984,0.20923179,-0.00492111012941859
2025-01-08 10:36:49.317339904,0.15997171,-0.004922622129866975
2025-01-08 10:36:49.327023104,-3.105e-05,-0.00491179958332076
2025-01-08 10:36:49.337227008,-0.12452239,-0.004888770031707803
2025-01-08 10:36:49.347389952,-0.1492399,-0.004853669172839433
2025-01-08 10:36:49.357156864,-0.00562346,-0.0048066407213892695
2025-01-08 10:36:49.367471872,0.18055707,-0.004747836264406135
2025-01-08 10:36:49.377299968,0.32800776,-0.004677415111487689
2025-01-08 10:36:49.387272960,0.25606775,-0.004595544139745068
2025-01-08 10:36:49.397464064,-0.01672434,-0.004502397633692303
2025-01-08 10:36:49.407201024,-0.19204086,-0.004398157120197931
2025-01-08 10:36:49.417399808,-0.23000145,-0.004283011198639365
2025-01-08 10:36:49.427298048,-0.08406311,-0.004157155366404095
2025-01-08 10:36:49.437211904,0.10760022,-0.004020791839884678
2025-01-08 10:36:49.447298048,0.20479,-0.0038741293711176718
2025-01-08 10:36:49.457426176,0.24913806,-0.00371738306021946
2025-01-08 10:36:49.467228928,0.26214236,-0.0035507741637747074
2025-01-08 10:36:49.477416960,-0.12532072,-0.0033745298993358716
2025-01-08 10:36:49.487569152,-0.14265639,-0.0031888832461946324
2025-01-08 10:36:49.497417984,-0.05308843,-0.0029940727425886026
2025-01-08 10:36:49.507675904,-0.04713227,-0.0027903422795087563
2025-01-08 10:36:49.517640960,0.21135831,-0.002577940891275444
2025-01-08 10:36:49.527442944,0.07431155,-0.0023571225430524785
2025-01-08 10:36:49.537606912,-0.12798177,-0.0021281459154709726
2025-01-08 10:36:49.547532032,-0.06053464,-0.001891274186536102
2025-01-08 10:36:49.557654016,-0.10518003,-0.0016467748109917188
2025-01-08 10:36:49.567526144,0.13360512,-0.0013949192973190376
2025-01-08 10:36:49.577575936,0.03081246,-0.001135982982547105
2025-01-08 10:36:49.587712000,0.02343813,-0.0008702448050537702
2025-01-08 10:36:49.597496064,-0.03619108,-0.0005979870755369758
2025-01-08 10:36:49.607419904,0.06042144,-0.00031949524633717027
2025-01-08 10:36:49.617455872,0.09989473,-3.505767929223885e-05
2025-01-08 10:36:49.627371008,-0.1463719,0.00025503458769297026
2025-01-08 10:36:49.637826816,0.02503039,0.0005504880751798572
2025-01-08 10:36:49.647409920,-0.03924963,0.0008510070976492897
2025-01-08 10:36:49.657644032,-0.0027585,0.001156293999691583
2025-01-08 10:36:49.667400960,-0.02917707,0.0014660493927502454
2025-01-08 10:36:49.677474048,-0.01607674,0.0017799723922363893
2025-01-08 10:36:49.687417088,0.08508995,0.0020977608548309653
2025-01-08 10:36:49.697487104,-0.04333036,0.0024191116157924763
2025-01-08 10:36:49.707582976,0.03637357,0.002743720726088138
2025-01-08 10:36:49.717551104,0.11305633,0.0030712836891673193
2025-01-08 10:36:49.727636224,-0.11345494,0.003401495697196656
2025-01-08 10:36:49.737566976,-0.04040211,0.00373405186657739
2025-01-08 10:36:49.747677184,-0.02286109,0.004068647472566285
2025-01-08 10:36:49.757639936,-0.02443406,0.004404978182822965
2025-01-08 10:36:49.767628800,0.06000683,0.004742740289707555
2025-01-08 10:36:49.777664000,-0.0759736,0.005081630941154186
2025-01-08 10:36:49.787595008,-0.2104091,0.005421348369947346
2025-01-08 10:36:49.797579008,-0.17013764,0.005761592121229991
2025-01-08 10:36:49.807610112,-0.07894892,0.006102063278073883
2025-01-08 10:36:49.817648896,-0.04344472,0.006442464684944936
2025-01-08 10:36:49.827465984,0.02583605,0.0067825011688981115
2025-01-08 10:36:49.837521920,-0.00529519,0.0071218797583389604
2025-01-08 10:36:49.847620096,-0.03154257,0.007460309899190917
2025-01-08 10:36:49.857438976,0.11498263,0.007797503668310233
2025-01-08 10:36:49.867335936,0.04591867,0.008133175983992713
2025-01-08 10:36:49.878077952,0.00767834,0.008467044813419387
2025-01-08 10:36:49.887769088,-0.03986505,0.008798831376890788
2025-01-08 10:36:49.897889024,-0.02107567,0.009128260348702706
2025-01-08 10:36:49.907560960,-0.05899292,0.00945506005451897
2025-01-08 10:36:49.917771008,0.02784848,0.009778962665100279
2025-01-08 10:36:49.927633920,0.01465181,0.010099704386251076
2025-01-08 10:36:49.937742080,-0.06422409,0.01041702564484986
2025-01-08 10:36:49.947796992,0.09223035,0.010730671270831826
2025-01-08 10:36:49.957595136,-0.0038304,0.011040390674996152
2025-01-08 10:36:49.967747840,-0.10998562,0.011345938022513819
2025-01-08 10:36:49.977803008,-0.13658363,0.011647072402015712
2025-01-08 10:36:49.987813120,-0.08080944,0.011943557990144307
2025-01-08 10:36:49.997696000,0.10177454,0.012235164211456276
2025-01-08 10:36:50.007906048,0.21223027,0.01252166589356723
2025-01-08 10:36:50.017864960,0.21311702,0.012802843417433785
2025-01-08 10:36:50.029310976,0.09871268,0.013078482862672257
2025-01-08 10:36:50.038317056,0.00323117,0.01334837614781744
2025-01-08 10:36:50.048271872,-0.14098673,0.013612321165429207
2025-01-08 10:36:50.057858816,-0.1646326,0.013870121911958752
2025-01-08 10:36:50.067735808,-0.11083774,0.014121588612290866
2025-01-08 10:36:50.077981952,-0.06770122,0.014366537838882915
2025-01-08 10:36:50.088036096,-0.03735304,0.014604792625425517
2025-01-08 10:36:50.097892096,0.04823479,0.014836182574954782
2025-01-08 10:36:50.107747072,0.02452552,0.015060543962349933
2025-01-08 10:36:50.117833984,0.00415918,0.015277719831155303
2025-01-08 10:36:50.128560896,-0.10085171,0.015487560084669871
2025-01-08 10:36:50.137920000,-0.09988415,0.015689921571252423
2025-01-08 10:36:50.147911168,-0.06698918,0.015884668163794854
2025-01-08 10:36:50.157746944,-0.0459915,0.016071670833321082
2025-01-08 10:36:50.167932928,0.03405006,0.0162508077166736
2025-01-08 10:36:50.178034176,0.0737443,0.016421964178254433
2025-01-08 10:36:50.188060160,0.05564238,0.01658503286579211
2025-01-08 10:36:50.197999872,-0.0293141,0.016739913760110997
2025-01-08 10:36:50.207916032,-0.03979087,0.01688651421888399
2025-01-08 10:36:50.218151936,0.04675567,0.017024749014354613
2025-01-08 10:36:50.228015872,0.01215076,0.017154540365018997
2025-01-08 10:36:50.238033152,-0.00389542,0.017275817961263276
2025-01-08 10:36:50.248032000,-0.06393684,0.01738851898495652
2025-01-08 10:36:50.258176000,-0.10276544,0.017492588123004228
2025-01-08 10:36:50.267885824,-0.13175952,0.017587977574871953
2025-01-08 10:36:50.278025984,-0.07038651,0.017674647054093513
2025-01-08 10:36:50.288110848,-0.08446115,0.017752563783782874
2025-01-08 10:36:50.298116864,-0.12533885,0.017821702486173437
2025-01-08 10:36:50.307885824,-0.15024394,0.017882045366213104
2025-01-08 10:36:50.318018048,-0.13021874,0.017933582089248223
2025-01-08 10:36:50.327960064,-0.10371518,0.01797630975283383
2025-01-08 10:36:50.338039040,-0.17184764,0.018010232852712464
2025-01-08 10:36:50.348064000,-0.20614946,0.01803536324300791
2025-01-08 10:36:50.358084864,-0.15581322,0.018051720090685154
2025-01-08 10:36:50.368134144,-0.14974403,0.0180593298243317
2025-01-08 10:36:50.378177024,-0.08991993,0.01805822607732022
2025-01-08 10:36:50.388243968,-0.10259795,0.018048449625416296
2025-01-08 10:36:50.398399232,0.03384827,0.01803004831889977
2025-01-08 10:36:50.408276992,0.21335185,0.018003077009271805
2025-01-08 10:36:50.418435072,0.31571484,0.017967597470624323
2025-01-08 10:36:50.428318976,0.59384215,0.017923678315752135
2025-01-08 10:36:50.438257920,0.96358049,0.017871394907092372
2025-01-08 10:36:50.448235008,0.93908989,0.017810829262579216
2025-01-08 10:36:50.458353920,0.47863197,0.01774206995650636
2025-01-08 10:36:50.468195840,0.0312419,0.017665212015492586
2025-01-08 10:36:50.478328064,-0.07505309,0.017580356809650192
2025-01-08 10:36:50.488236800,0.0888486,0.017487611939058883
2025-01-08 10:36:50.498265856,0.29413652,0.017387091115651825
2025-01-08 10:36:50.508384000,0.32832026,0.01727891404062323
2025-01-08 10:36:50.518113024,0.06388724,0.017163206277470717
2025-01-08 10:36:50.528444160,-0.15170443,0.017040099120788507
2025-01-08 10:36:50.538361088,-0.0706265,0.016909729460930507
2025-01-08 10:36:50.548276992,0.21378171,0.01677223964466567
2025-01-08 10:36:50.558195968,0.34593314,0.016627777331950474
2025-01-08 10:36:50.568273152,0.23149925,0.016476495348946275
2025-01-08 10:36:50.578310912,-0.18338555,0.01631855153741209
2025-01-08 10:36:50.588102144,-0.213036,0.016154108600605507
2025-01-08 10:36:50.598166016,0.02308339,0.015983333945827252
2025-01-08 10:36:50.608262144,-0.02741927,0.01580639952374702
2025-01-08 10:36:50.618354176,0.15179986,0.015623481664650371
2025-01-08 10:36:50.628145920,-0.23012644,0.015434760911748658
2025-01-08 10:36:50.638434816,-0.3785255,0.01524042185169592
2025-01-08 10:36:50.648164096,0.00589639,0.01504065294245831
2025-01-08 10:36:50.658308864,-0.2554028,0.014835646338683756
2025-01-08 10:36:50.668258816,0.11328031,0.014625597714720573
2025-01-08 10:36:50.678347008,-0.05886611,0.01441070608543589
2025-01-08 10:36:50.688258816,-0.190532,0.014191173624985454
2025-01-08 10:36:50.698414080,0.06010556,0.013967205483688188
2025-01-08 10:36:50.708372224,-0.12251872,0.013739009603159482
2025-01-08 10:36:50.718364928,0.15570104,0.013506796529858558
2025-01-08 10:36:50.728351232,-0.09130423,0.013270779227205886
2025-01-08 10:36:50.738370048,-0.08914851,0.013031172886427413
2025-01-08 10:36:50.748366080,0.15743852,0.012788194736283016
2025-01-08 10:36:50.758519808,-0.08873469,0.012542063851836954
2025-01-08 10:36:50.768239104,0.03900844,0.012293000962428594
2025-01-08 10:36:50.778568960,-0.03141209,0.012041228259001743
2025-01-08 10:36:50.788441856,-0.17687652,0.011786969200951087
2025-01-08 10:36:50.798466048,-0.14465255,0.011530448322644285
2025-01-08 10:36:50.808271872,-0.16154823,0.011271891039777944
2025-01-08 10:36:50.818483968,0.05548337,0.011011523455725468
2025-01-08 10:36:50.828423936,0.02200606,0.010749572168034507
2025-01-08 10:36:50.838465024,-0.05959719,0.010486264075230933
2025-01-08 10:36:50.848418048,-0.11377177,0.01022182618408587
2025-01-08 10:36:50.858603008,-0.08696321,0.009956485417501248
2025-01-08 10:36:50.868387072,-0.03506333,0.009690468423168787
2025-01-08 10:36:50.878423040,0.09557217,0.009424001383155913
2025-01-08 10:36:50.888556032,0.08982426,0.009157309824571186
2025-01-08 10:36:50.898600960,-0.04804552,0.008890618431460577
2025-01-08 10:36:50.908548096,-0.08944711,0.008624150858084342
2025-01-08 10:36:50.918364160,-0.06672075,0.008358129543722908
2025-01-08 10:36:50.928410880,-0.07524157,0.008092775529158517
2025-01-08 10:36:50.938551808,0.02583751,0.007828308274977621
2025-01-08 10:36:50.948561920,0.02041657,0.007564945481837123
2025-01-08 10:36:50.958487040,0.01315024,0.007302902912835764
2025-01-08 10:36:50.968646912,-0.02959573,0.0070423942181297
2025-01-08 10:36:50.978508032,0.07626593,0.006783630761929179
2025-01-08 10:36:50.988595968,0.0561492,0.006526821452011092
2025-01-08 10:36:50.998550016,0.00434639,0.006272172571879623
2025-01-08 10:36:51.008590080,-0.05100711,0.006019887615704705
2025-01-08 10:36:51.018652928,0.04470378,0.005770167126165671
2025-01-08 10:36:51.028593152,0.08290696,0.005523208535324445
2025-01-08 10:36:51.038619904,0.07930017,0.005279206008650114
2025-01-08 10:36:51.048590848,-0.00996986,0.005038350292313796
2025-01-08 10:36:51.058678016,0.05850622,0.004800828563869593
2025-01-08 10:36:51.068593152,0.03506598,0.004566824286434657
2025-01-08 10:36:51.078518016,-0.01396662,0.004336517066478005
2025-01-08 10:36:51.089504000,-0.02521724,0.004110082515324697
2025-01-08 10:36:51.098670080,-0.03292406,0.0038876921144785424
2025-01-08 10:36:51.108798976,-0.04666911,0.003669513084863321
2025-01-08 10:36:51.118665984,-0.01268141,0.0034557082600788183
2025-01-08 10:36:51.129047040,-0.02714388,0.0032464359637647488
2025-01-08 10:36:51.138791936,-0.09200507,0.003041849891161825
2025-01-08 10:36:51.149138944,-0.08449906,0.002842098994955692
2025-01-08 10:36:51.159190016,-0.05790071,0.0026473273754857433
2025-01-08 10:36:51.168612096,-0.03507514,0.0024576741753970753
2025-01-08 10:36:51.179287040,0.00721602,0.0022732734788099766
2025-01-08 10:36:51.188688128,0.0747356,0.002094254215077474
2025-01-08 10:36:51.198838016,0.06065764,0.0019207400671976548
2025-01-08 10:36:51.208669952,0.03922309,0.0017528493849433395
2025-01-08 10:36:51.218807808,-0.01010768,0.0015906951027678075
2025-01-08 10:36:51.228660992,-0.01170234,0.0014343846625412013
2025-01-08 10:36:51.238759936,-0.04201311,0.001284019941168061
2025-01-08 10:36:51.248765952,-0.0703281,0.001139697183132524
2025-01-08 10:36:51.258780928,-0.03555632,0.00100150693801333
2025-01-08 10:36:51.268822016,-0.101779,0.0008695340030068419
2025-01-08 10:36:51.278839040,-0.09136742,0.0007438573704918626
2025-01-08 10:36:51.288896000,-0.14346993,0.0006245501806660873
2025-01-08 10:36:51.298834176,-0.16096281,0.0005116796792795195
2025-01-08 10:36:51.308870144,-0.14617853,0.00040530718048614744
2025-01-08 10:36:51.318966016,-0.15258729,0.00030548803483089416
2025-01-08 10:36:51.328902912,-0.16341412,0.00021227160238444822
2025-01-08 10:36:51.339037952,-0.11001921,0.0001257012310345471
2025-01-08 10:36:51.349065984,-0.09215522,4.5814239937916695e-05
2025-01-08 10:36:51.358982912,-0.09497684,-2.7358091867232027e-05
2025-01-08 10:36:51.369054976,-0.12435824,-9.379053169235886e-05
2025-01-08 10:36:51.379086080,-0.10696822,-0.00015346389428191312
2025-01-08 10:36:51.389148928,-0.1546191,-0.00020636503776155153
2025-01-08 10:36:51.399036928,-0.17249489,-0.0002524868544681586
2025-01-08 10:36:51.409070848,-0.15239918,-0.00029182825668274076
2025-01-08 10:36:51.418957056,-0.04529809,-0.0003243941572914241
2025-01-08 10:36:51.429110016,0.11679101,-0.00035019544540391327
2025-01-08 10:36:51.439279104,0.25878668,-0.0003692489569628209
2025-01-08 10:36:51.448738048,0.34230554,-0.000381577440381381
2025-01-08 10:36:51.458908928,0.48625553,-0.00038720951725103667
2025-01-08 10:36:51.468909056,0.60920477,-0.00038617963816433805
2025-01-08 10:36:51.478939136,0.60120189,-0.000378528033702594
2025-01-08 10:36:51.488976128,0.43549323,-0.0003643006606415334
2025-01-08 10:36:51.499002880,0.2529074,-0.00034354914343204257
2025-01-08 10:36:51.509010176,0.17948055,-0.00031633071101689806
2025-01-08 10:36:51.519348992,0.17474055,-0.00028270812904812625
2025-01-08 10:36:51.529210112,0.20412385,-0.00024274962757308538
2025-01-08 10:36:51.538991872,0.22697115,-0.00019652882426135637
2025-01-08 10:36:51.549086208,0.32438278,-0.0001441246432475401
2025-01-08 10:36:51.558999040,0.38098556,-8.56212296690489e-05
2025-01-08 10:36:51.569065984,0.23342365,-2.110785998096934e-05
2025-01-08 10:36:51.579078912,0.14445955,4.932115186641432e-05
2025-01-08 10:36:51.589214976,0.19594163,0.00012556655229867587
2025-01-08 10:36:51.599060992,0.26045972,0.00020752424994484862
2025-01-08 10:36:51.608998144,-0.05217873,0.00029508542132668925
2025-01-08 10:36:51.619054080,-0.22085184,0.0003881366203114428
2025-01-08 10:36:51.629149952,-0.26971936,0.00048655989122723406
2025-01-08 10:36:51.639166976,-0.09089214,0.0005902328855373241
2025-01-08 10:36:51.648937984,-0.10854137,0.0006990289819667136
2025-01-08 10:36:51.659102976,-0.14513086,0.0008128174099719625
2025-01-08 10:36:51.669172992,0.13357115,0.0009314633764425391
2025-01-08 10:36:51.679083008,-0.39387211,0.0010548281955195648
2025-01-08 10:36:51.689085952,-0.37371919,0.001182769421415464
2025-01-08 10:36:51.699271936,-0.29500413,0.0013151409841157301
2025-01-08 10:36:51.709057024,-0.06608832,0.0014517933278420003
2025-01-08 10:36:51.719005184,-0.31193256,0.0015925735521533594
2025-01-08 10:36:51.729364992,-0.22235391,0.0017373255555611258
2025-01-08 10:36:51.739031040,-0.0114402,0.0018858901815302532
2025-01-08 10:36:51.749170176,-0.00745982,0.0020381053667389774
2025-01-08 10:36:51.760175104,0.217686,0.0021938062914665293
2025-01-08 10:36:51.769367808,0.00441346,0.002352825531977405
2025-01-08 10:36:51.779387904,-0.11709428,0.002514993214769131
2025-01-08 10:36:51.789238016,-0.02663618,0.002680137172549183
2025-01-08 10:36:51.799185920,0.1118089,0.0028480831018057105
2025-01-08 10:36:51.809235200,0.08028984,0.003018654721835345
2025-01-08 10:36:51.819229952,0.12118804,0.003191673935090779
2025-01-08 10:36:51.829179136,0.02955218,0.0033669609887096172
2025-01-08 10:36:51.839323904,-0.21118268,0.003544334637085568
2025-01-08 10:36:51.849271040,-0.14911138,0.003723612305342229
2025-01-08 10:36:51.859165952,-0.09571193,0.0039046102535693983
2025-01-08 10:36:51.869249024,6e-07,0.004087143741681266
2025-01-08 10:36:51.879173120,0.06350638,0.004271027194755823
2025-01-08 10:36:51.889195008,-0.08335565,0.004456074368714506
2025-01-08 10:36:51.899208960,-0.20919108,0.004642098516201095
2025-01-08 10:36:51.909405952,-0.12784874,0.00482891255251907
2025-01-08 10:36:51.919394048,-0.06411032,0.005016329221486739
2025-01-08 10:36:51.929195008,0.06089637,0.005204161261069785
2025-01-08 10:36:51.939393024,0.10904324,0.0053922215686513855
2025-01-08 10:36:51.949393920,0.1211769,0.005580323365800531
2025-01-08 10:36:51.959433984,-0.01104687,0.005768280362399872
2025-01-08 10:36:51.969297920,-0.10277243,0.0059559069199951915
2025-01-08 10:36:51.979414016,-0.01316057,0.006143018214229562
2025-01-08 10:36:51.989465856,0.1424365,0.006329430396226051
2025-01-08 10:36:51.999319040,0.18950133,0.006514960752784265
2025-01-08 10:36:52.009267200,0.11300492,0.006699427865256906
2025-01-08 10:36:52.019399936,0.03540273,0.006882651766974158
2025-01-08 10:36:52.029277184,0.04186352,0.00706445409908486
2025-01-08 10:36:52.039366912,0.0623396,0.007244658264685317
2025-01-08 10:36:52.049433088,0.02284521,0.007423089581107845
2025-01-08 10:36:52.059470848,0.02896833,0.007599575430243271
2025-01-08 10:36:52.069561856,-0.01499252,0.007773945406773241
2025-01-08 10:36:52.079469824,-0.01344503,0.007946031464190215
2025-01-08 10:36:52.089394944,0.04114224,0.00811566805848504
2025-01-08 10:36:52.099739136,-0.006634,0.008282692289384263
2025-01-08 10:36:52.109519104,-0.01883395,0.008446944039021386
2025-01-08 10:36:52.119404032,-0.03170113,0.008608266107928812
2025-01-08 10:36:52.129477120,-0.00636181,0.008766504348239492
2025-01-08 10:36:52.140346112,-0.05955422,0.008921507793989916
2025-01-08 10:36:52.149577984,-0.07606322,0.009073128788418592
2025-01-08 10:36:52.159426816,-0.06259863,0.009221223108156958
2025-01-08 10:36:52.169555968,-0.00059032,0.009365650084212293
2025-01-08 10:36:52.179631872,-2.772e-05,0.009506272719645183
2025-01-08 10:36:52.189737984,-0.0057842,0.00964295780384691
2025-01-08 10:36:52.199613952,-0.01291454,0.00977557602332521
2025-01-08 10:36:52.209515008,-0.01721209,0.009904002068909828
2025-01-08 10:36:52.219597056,0.00640853,0.01002811473929256
2025-01-08 10:36:52.229534976,-0.04323208,0.010147797040819502
2025-01-08 10:36:52.239587072,0.00060533,0.010262936283456692
2025-01-08 10:36:52.249746944,-0.04505491,0.01037342417285348
2025-01-08 10:36:52.259723008,-0.01953892,0.010479156898431484
2025-01-08 10:36:52.269767168,-0.04516912,0.010580035217430343
2025-01-08 10:36:52.279577856,-0.02084684,0.010675964534845032
2025-01-08 10:36:52.289742080,0.00222738,0.010766854979192985
2025-01-08 10:36:52.299827200,-0.02677386,0.01085262147405296
2025-01-08 10:36:52.309780992,-0.03158373,0.010933183805321092
2025-01-08 10:36:52.319632128,-0.04298358,0.011008466684133371
2025-01-08 10:36:52.329704960,-0.04415064,0.011078399805407391
2025-01-08 10:36:52.340841984,-0.08051425,0.011142917901960097
2025-01-08 10:36:52.349852928,-0.10955423,0.011201960794161846
2025-01-08 10:36:52.359782912,-0.07521671,0.011255473435091095
2025-01-08 10:36:52.370141952,-0.04436082,0.011303405951157761
2025-01-08 10:36:52.379759104,-0.0827955,0.011345713678167125
2025-01-08 10:36:52.389614080,-0.07819408,0.011382357192800117
2025-01-08 10:36:52.399732224,-0.053873,0.011413302339489657
2025-01-08 10:36:52.409687040,-0.06008494,0.011438520252676563
2025-01-08 10:36:52.419490048,-0.06343162,0.011457987374432587
2025-01-08 10:36:52.429577216,-0.09691399,0.011471685467441924
2025-01-08 10:36:52.439606784,-0.12965637,0.011479601623336538
2025-01-08 10:36:52.449660160,-0.15058124,0.0114817282663845
2025-01-08 10:36:52.459613952,-0.14040279,0.01147806315253452
2025-01-08 10:36:52.469728000,-0.10658109,0.011468609363823696
2025-01-08 10:36:52.479734784,-0.03648401,0.011453375298159423
2025-01-08 10:36:52.489612032,0.10632455,0.011432374654490285
2025-01-08 10:36:52.499855872,0.23346567,0.011405626413384629
2025-01-08 10:36:52.509815808,0.37169135,0.011373154813039335
2025-01-08 10:36:52.519947008,0.44608569,0.011334989320745184
2025-01-08 10:36:52.529827072,0.4832902,0.011291164599838864
2025-01-08 10:36:52.539865856,0.4642992,0.011241720472175672
2025-01-08 10:36:52.549793024,0.31040311,0.011186701876160459
2025-01-08 10:36:52.559851008,0.15227187,0.011126158820378191
2025-01-08 10:36:52.569915136,0.11259567,0.011060146332869161
2025-01-08 10:36:52.579902976,0.0854218,0.01098872440609745
2025-01-08 10:36:52.589854976,0.14341748,0.010911957937664857
2025-01-08 10:36:52.599927808,0.23632258,0.010829916666825996
2025-01-08 10:36:52.609703936,0.33384967,0.010742675106863822
2025-01-08 10:36:52.619948032,0.28450596,0.010650312473388143
2025-01-08 10:36:52.629897216,0.03905779,0.010552912608623226
2025-01-08 10:36:52.639916032,-0.15772456,0.01045056390175364
2025-01-08 10:36:52.649917952,-0.12433409,0.010343359205401106
2025-01-08 10:36:52.659930112,0.12186212,0.010231395748307897
2025-01-08 10:36:52.669902080,0.00190444,0.010114775044305795
2025-01-08 10:36:52.679763968,-0.08456391,0.009993602797652459
2025-01-08 10:36:52.689958144,-0.2050267,0.009867988804820076
2025-01-08 10:36:52.700016896,-0.54201937,0.009738046852824199
2025-01-08 10:36:52.710006016,-0.20823628,0.009603894614183244
2025-01-08 10:36:52.720203008,-0.10132027,0.009465653538602183
2025-01-08 10:36:52.730114048,-0.02116477,0.009323448741476392
2025-01-08 10:36:52.740036864,0.21182372,0.009177408889314297
2025-01-08 10:36:52.749874944,-0.25536233,0.009027666082180037
2025-01-08 10:36:52.759991040,-0.10195622,0.008874355733259637
2025-01-08 10:36:52.769996800,0.02065587,0.008717616445656585
2025-01-08 10:36:52.779922944,0.02347106,0.008557589886524997
2025-01-08 10:36:52.790030848,0.12515795,0.008394420658650597
2025-01-08 10:36:52.800143104,-0.16136664,0.008228256169591873
2025-01-08 10:36:52.810000896,-0.2596316,0.008059246498495645
2025-01-08 10:36:52.820424960,0.02096295,0.00788754426070329
2025-01-08 10:36:52.830403072,-0.08174491,0.007713304470265431
2025-01-08 10:36:52.840060928,-0.09968856,0.007536684400484685
2025-01-08 10:36:52.850027008,0.10490048,0.007357843442607676
2025-01-08 10:36:52.860097792,-0.03801411,0.007176942962788787
2025-01-08 10:36:52.871526912,0.00798988,0.006994146157449661
2025-01-08 10:36:52.880395008,0.07376629,0.006809617907159681
2025-01-08 10:36:52.890191104,-0.12570488,0.006623524629163641
2025-01-08 10:36:52.901096192,-0.0728898,0.006436034128684142
2025-01-08 10:36:52.910292992,-0.09528169,0.006247315449126887
2025-01-08 10:36:52.920658944,0.03601991,0.006057538721318094
2025-01-08 10:36:52.930102016,-0.0315702,0.005866875011903825
2025-01-08 10:36:52.939981056,-0.20598648,0.005675496171041721
2025-01-08 10:36:52.950145024,-0.0517723,0.005483574679516051
2025-01-08 10:36:52.960108032,0.06859882,0.005291283495407436
2025-01-08 10:36:52.970168064,0.05526775,0.005098795900448876
2025-01-08 10:36:52.980231168,0.10517377,0.004906285346199798
2025-01-08 10:36:52.990222080,0.11319637,0.004713925300170056
2025-01-08 10:36:53.000153088,-0.05801702,0.004521889092025567
2025-01-08 10:36:53.010184960,-0.06662667,0.004330349760007283
2025-01-08 10:36:53.020320000,-0.03584921,0.004139479897694789
2025-01-08 10:36:53.030184960,0.06754941,0.003949451501245534
2025-01-08 10:36:53.040049920,0.08577065,0.0037604358172401244
2025-01-08 10:36:53.050031872,0.1914081,0.0035726031912635785
2025-01-08 10:36:53.060323072,0.05660653,0.0033861229173517107
2025-01-08 10:36:53.070415104,-0.06035584,0.0032011630884309816
2025-01-08 10:36:53.086657024,-0.12795115,0.0030178904478791973
2025-01-08 10:36:53.090589952,-0.20739132,0.0028364702423335523
2025-01-08 10:36:53.100493824,-0.18336844,0.002657066075871163
2025-01-08 10:36:53.110320128,-0.07761514,0.0024798397656861856
2025-01-08 10:36:53.120259072,0.11170579,0.002304951199386206
2025-01-08 10:36:53.130249984,0.12390818,0.002132558194029093
2025-01-08 10:36:53.140889856,0.18910575,0.0019628163570200616
2025-01-08 10:36:53.150334976,0.28231812,0.0017958789489869727
2025-01-08 10:36:53.160346112,0.22209471,0.0016318967487501865
2025-01-08 10:36:53.170407168,0.16428757,0.0014710179205015064
2025-01-08 10:36:53.180392960,0.04256625,0.0013133878833046567
2025-01-08 10:36:53.190393088,0.00422643,0.0011591491830279662
2025-01-08 10:36:53.200613888,-0.00754076,0.001008441366817496
2025-01-08 10:36:53.210592000,-0.02923946,0.0008614008602170158
2025-01-08 10:36:53.220633856,-0.05542052,0.0007181608470385638
2025-01-08 10:36:53.231781120,-0.10576922,0.0005788511520852645
2025-01-08 10:36:53.240665856,-0.03579728,0.00044359812682542
2025-01-08 10:36:53.250524160,-0.04682575,0.00031252453811444136
2025-01-08 10:36:53.260574976,-0.04758732,0.0001857494600584752
2025-01-08 10:36:53.270593792,-0.0142421,6.338816911104556e-05
2025-01-08 10:36:53.280599040,-0.04175329,-5.444795750896656e-05
2025-01-08 10:36:53.290471168,-0.00930589,-0.000167651539992287
2025-01-08 10:36:53.300647936,0.01081063,-0.00027611929062460643
2025-01-08 10:36:53.310503936,0.00838907,-0.0003797521049025102
2025-01-08 10:36:53.320473856,-0.03891611,-0.00047845514900345945
2025-01-08 10:36:53.330387200,-0.03053248,-0.0005721379435361915
2025-01-08 10:36:53.340495104,-0.0665822,-0.0006607144435012547
2025-01-08 10:36:53.350516992,-0.03964733,-0.0007441031143945052
2025-01-08 10:36:53.360656128,-0.00592058,-0.0008222270043897348
2025-01-08 10:36:53.370611968,-0.00147413,-0.000895013812539947
2025-01-08 10:36:53.380565760,-0.0160818,-0.0009623959529401328
2025-01-08 10:36:53.390511872,-0.06158769,-0.0010243106147978806
2025-01-08 10:36:53.400578048,-0.02958013,-0.001080699818361602
2025-01-08 10:36:53.410586112,-0.06503718,-0.0011315104666597012
2025-01-08 10:36:53.420603136,-0.1154623,-0.001176694393007501
2025-01-08 10:36:53.430509056,-0.1078248,-0.0012162084042424224
2025-01-08 10:36:53.442241792,-0.13484406,-0.0012500143196515268
2025-01-08 10:36:53.450738944,-0.1103729,-0.0012780790055590152
2025-01-08 10:36:53.460647936,-0.0241655,-0.0013003744055452517
2025-01-08 10:36:53.470554112,-0.0553025,-0.0013168775662722799
2025-01-08 10:36:53.480567808,-0.0845179,-0.0013275706588947067
2025-01-08 10:36:53.490873088,-0.17282051,-0.0013324409960384833
2025-01-08 10:36:53.500768000,-0.22654992,-0.0013314810443339378
2025-01-08 10:36:53.510636032,-0.18465495,-0.0013246884324930222
2025-01-08 10:36:53.520595200,-0.13286448,-0.0013120659549247095
2025-01-08 10:36:53.530670848,-0.04981852,-0.0012936215708860153
2025-01-08 10:36:53.540724992,0.09869456,-0.001269368399170138
2025-01-08 10:36:53.550703104,0.11200714,-0.00123932470833671
2025-01-08 10:36:53.560651008,0.01450824,-0.0012035139024932403
2025-01-08 10:36:53.570662144,0.07145059,-0.0011619645026401766
2025-01-08 10:36:53.580670208,0.15040684,-0.0011147101235961896
2025-01-08 10:36:53.590610944,0.24007785,-0.001061789446523681
2025-01-08 10:36:53.600580096,0.35747588,-0.001003246187078386
2025-01-08 10:36:53.610723072,0.34384191,-0.0009391290592105859
2025-01-08 10:36:53.620718848,0.31374025,-0.000869491734649192
2025-01-08 10:36:53.630757120,0.27111959,-0.0007943927981033996
2025-01-08 10:36:53.643155200,0.20667493,-0.000713895698220503
2025-01-08 10:36:53.651017984,0.12081755,-0.0006280686943417835
2025-01-08 10:36:53.660854016,0.07102836,-0.0005369847991020887
2025-01-08 10:36:53.670778112,0.02349961,-0.0004407217169221369
2025-01-08 10:36:53.680766976,0.08415329,-0.00033936177844612147
2025-01-08 10:36:53.690708992,0.21520126,-0.0002329918709804611
2025-01-08 10:36:53.700776960,0.29347324,-0.00012170336499315199
2025-01-08 10:36:53.710881024,0.27755582,-5.592036736188e-06
2025-01-08 10:36:53.720956928,0.21431327,0.00011524201294291224
2025-01-08 10:36:53.730887936,0.19755942,0.00024069444353146704
2025-01-08 10:36:53.740771072,0.20483464,0.00037065676345153834
2025-01-08 10:36:53.750940928,0.13133347,0.0005050164222541051
2025-01-08 10:36:53.760721920,-0.15647721,0.0006436569063290665
2025-01-08 10:36:53.770749184,-0.26223695,0.0007864578380497488
2025-01-08 10:36:53.780836096,0.02062881,0.0009332950782677197
2025-01-08 10:36:53.790825984,0.19406533,0.0010840408320707522
2025-01-08 10:36:53.800934144,-0.00486761,0.0012385637577142239
2025-01-08 10:36:53.810924032,-0.41571182,0.0013967290786334188
2025-01-08 10:36:53.820907008,-0.26346475,0.0015583986984416217
2025-01-08 10:36:53.830889984,-0.19203399,0.001723431318816446
2025-01-08 10:36:53.841031168,0.19933464,0.0018916825601743503
2025-01-08 10:36:53.850991104,-0.12145752,0.0020630050850308917
2025-01-08 10:36:53.860929024,-0.32245427,0.0022372487239421183
2025-01-08 10:36:53.870925056,-0.06632607,0.0024142606039202525
2025-01-08 10:36:53.880980992,-0.15464771,0.0025938852792146694
2025-01-08 10:36:53.890923008,0.18066575,0.0027759648643473148
2025-01-08 10:36:53.901063936,-0.09266478,0.0029603391692897044
2025-01-08 10:36:53.910907904,-0.26177937,0.0031468458366668
2025-01-08 10:36:53.921004032,-0.07705744,0.0033353204808714717
2025-01-08 10:36:53.930990080,-0.17478819,0.0035255968289715093
2025-01-08 10:36:53.941203200,-0.05134155,0.0037175068632896865
2025-01-08 10:36:53.951042048,0.10467966,0.003910880965535944
2025-01-08 10:36:53.960967168,0.01339102,0.004105548062369478
2025-01-08 10:36:53.971016960,0.16871274,0.0043013357722671884
2025-01-08 10:36:53.981017088,0.03989847,0.004498070553573985
2025-01-08 10:36:53.991142144,0.03941751,0.004695577853609323
2025-01-08 10:36:54.001025024,-0.16356735,0.004893682258703438
2025-01-08 10:36:54.010991104,-0.19475055,0.0050922076450360355
2025-01-08 10:36:54.021029120,-0.10914916,0.005290977330149437
2025-01-08 10:36:54.031061760,-0.00990433,0.005489814225007503
2025-01-08 10:36:54.041164032,0.00949162,0.005688540986471427
2025-01-08 10:36:54.051193856,0.13565111,0.0058869801700628345
2025-01-08 10:36:54.061175040,-0.04935563,0.006084954382884533
2025-01-08 10:36:54.071063040,-0.15799832,0.00628228643656909
2025-01-08 10:36:54.080990976,-0.15180118,0.006478799500125301
2025-01-08 10:36:54.091079936,-0.04216152,0.006674317252552653
2025-01-08 10:36:54.101170176,-0.01466702,0.00686866403509427
2025-01-08 10:36:54.111251968,0.23053443,0.007061665002998744
2025-01-08 10:36:54.121090816,0.17933053,0.007253146276661976
2025-01-08 10:36:54.131314944,0.05726124,0.00744293509202049
2025-01-08 10:36:54.141273856,0.06365861,0.0076308599500682734
2025-01-08 10:36:54.151723008,-0.04897968,0.007816750765369923
2025-01-08 10:36:54.161270016,-0.08081788,0.008000439013443756
2025-01-08 10:36:54.171212800,-0.01183723,0.008181757876889385
2025-01-08 10:36:54.181281024,0.05075222,0.008360542390135261
2025-01-08 10:36:54.191333888,0.11350317,0.008536629582682942
2025-01-08 10:36:54.201297920,0.17376471,0.00870985862072597
2025-01-08 10:36:54.211441920,0.21121053,0.008880070947022495
2025-01-08 10:36:54.221391872,0.04954134,0.009047110418902557
2025-01-08 10:36:54.231360000,0.01570259,0.009210823444291963
2025-01-08 10:36:54.241164032,-0.06463253,0.009371059115636802
2025-01-08 10:36:54.251245056,-0.04126495,0.009527669341614106
2025-01-08 10:36:54.261331200,-0.00127673,0.009680508976516067
2025-01-08 10:36:54.271162112,0.01253228,0.00982943594719708
2025-01-08 10:36:54.281248000,0.03647651,0.009974311377475077
2025-01-08 10:36:54.291249152,0.07110761,0.010114999709880444
2025-01-08 10:36:54.301368832,0.01295704,0.010251368824648268
2025-01-08 10:36:54.311225856,-0.04296249,0.010383290155851776
2025-01-08 10:36:54.321302016,0.01397014,0.0105106388045773
2025-01-08 10:36:54.331280896,0.00114833,0.010633293649043403
2025-01-08 10:36:54.341320960,0.00555652,0.010751137451569588
2025-01-08 10:36:54.351334144,0.03377524,0.01086405696230235
2025-01-08 10:36:54.361937920,0.00877525,0.010971943019609205
2025-01-08 10:36:54.371350016,0.00094469,0.011074690647053973
2025-01-08 10:36:54.381360128,-0.08306873,0.011172199146869649
2025-01-08 10:36:54.391352832,-0.08798556,0.011264372189847716
2025-01-08 10:36:54.401398016,-0.09135932,0.011351117901566206
2025-01-08 10:36:54.411348224,-0.04662247,0.011432348944881444
2025-01-08 10:36:54.421379072,-0.06729765,0.011507982598611822
2025-01-08 10:36:54.431344128,-0.02614373,0.011577940832344858
2025-01-08 10:36:54.441339136,-0.01162427,0.011642150377302346
2025-01-08 10:36:54.451330048,0.01062435,0.011700542793201287
2025-01-08 10:36:54.461435136,0.03228949,0.01175305453105198
2025-01-08 10:36:54.471478016,0.06551568,0.01179962699183786
2025-01-08 10:36:54.481447936,-0.01480531,0.011840206581025109
2025-01-08 10:36:54.491415040,-0.0862198,0.011874744758853575
2025-01-08 10:36:54.501574912,-0.10107249,0.01190319808636414
2025-01-08 10:36:54.511380992,-0.11576837,0.011925528267120981
2025-01-08 10:36:54.521406976,-0.12288946,0.011941702184591096
2025-01-08 10:36:54.531440128,-0.14396912,0.01195169193514684
2025-01-08 10:36:54.541448192,-0.11643379,0.011955474856660962
2025-01-08 10:36:54.551450880,-0.03530114,0.011953033552667369
2025-01-08 10:36:54.561496064,-0.03828997,0.011944355912064443
2025-01-08 10:36:54.571581952,-0.01532018,0.011929435124341558
2025-01-08 10:36:54.581561088,-0.07815814,0.01190826969031316
2025-01-08 10:36:54.591537920,-0.16728544,0.011880863428348497
2025-01-08 10:36:54.601780992,-0.12678123,0.011847225476088954
2025-01-08 10:36:54.611586048,-0.08074462,0.011807370287648592
2025-01-08 10:36:54.621509120,-0.01197141,0.011761317626297441
2025-01-08 10:36:54.631511040,0.03499895,0.011709092552630713
2025-01-08 10:36:54.641412864,0.00987124,0.011650725408231097
2025-01-08 10:36:54.651501824,-0.03845751,0.011586251794834785
2025-01-08 10:36:54.661547776,-0.05571568,0.011515712549016033
2025-01-08 10:36:54.671629056,-0.08846283,0.011439153712408471
2025-01-08 10:36:54.681577984,-0.00901198,0.011356626497485414
2025-01-08 10:36:54.691517184,0.09659874,0.011268187248924873
2025-01-08 10:36:54.701615104,0.18835258,0.01117389740058908
2025-01-08 10:36:54.711873024,0.28372777,0.011073823428151537
2025-01-08 10:36:54.722064128,0.30914092,0.01096803679740877
2025-01-08 10:36:54.731632896,0.28616333,0.0108566139083172
2025-01-08 10:36:54.741678080,0.23908937,0.010739636034799447
2025-01-08 10:36:54.751597824,0.18761241,0.010617189260367735
2025-01-08 10:36:54.761657856,0.18190753,0.010489364409615795
2025-01-08 10:36:54.772579840,0.18753767,0.010356256975633972
2025-01-08 10:36:54.781604096,0.17619157,0.01021796704340589
2025-01-08 10:36:54.791644160,0.1553632,0.010074599209248221
2025-01-08 10:36:54.801794048,0.09290433,0.009926262496358683
2025-01-08 10:36:54.811736064,0.0802573,0.009773070266540479
2025-01-08 10:36:54.822038784,0.15581709,0.009615140128174824
2025-01-08 10:36:54.831832832,0.16512239,0.009452593840516266
2025-01-08 10:36:54.841651968,0.11614847,0.009285557214388725
2025-01-08 10:36:54.851567872,0.12263161,0.009114160009363164
2025-01-08 10:36:54.861694976,0.1555236,0.008938535827500912
2025-01-08 10:36:54.871726080,0.15408742,0.008758822003749486
2025-01-08 10:36:54.881858048,0.07531673,0.00857515949308065
2025-01-08 10:36:54.891733760,-0.33786404,0.008387692754463372
2025-01-08 10:36:54.901833984,-0.24702716,0.008196569631766808
2025-01-08 10:36:54.911799808,-0.18981397,0.008001941231691302
2025-01-08 10:36:54.921762048,-0.21686023,0.007803961798827874
2025-01-08 10:36:54.931817984,0.03648339,0.007602788587949108
2025-01-08 10:36:54.941807872,-0.12561738,0.00739858173363676
2025-01-08 10:36:54.951670016,0.07301782,0.007191504117353818
2025-01-08 10:36:54.961762816,0.04026161,0.006981721232070777
2025-01-08 10:36:54.971699968,-0.07918751,0.00676940104455819
2025-01-08 10:36:54.981894144,0.23183489,0.006554713855459531
2025-01-08 10:36:54.991884032,-0.16004562,0.006337832157260309
2025-01-08 10:36:55.001897984,-0.08047473,0.006118930490271307
2025-01-08 10:36:55.011806976,-0.13633054,0.005898185296745525
2025-01-08 10:36:55.022064896,-0.16716783,0.005675774773250023
2025-01-08 10:36:55.031763200,-0.03200717,0.005451878721415528
2025-01-08 10:36:55.041937152,-0.08463685,0.00522667839718803
2025-01-08 10:36:55.051821824,-0.09177774,0.0050003563587079575
2025-01-08 10:36:55.061928960,0.04316013,0.004773096312943794
2025-01-08 10:36:55.071915008,-0.05591552,0.0045450829612081875
2025-01-08 10:36:55.082391040,-0.11431891,0.0043165018436855
2025-01-08 10:36:55.091900160,-0.00330681,0.004087539183100869
2025-01-08 10:36:55.102085120,-0.08230896,0.0038583817276615254
2025-01-08 10:36:55.111983104,-0.11818813,0.003629216593401938
2025-01-08 10:36:55.122068992,-0.08278213,0.0034002311060648185
2025-01-08 10:36:55.132082944,-0.0496701,0.0031716126426507866
2025-01-08 10:36:55.142057984,0.09707874,0.0029435484727695278
2025-01-08 10:36:55.153129984,0.04382594,0.002716225599925902
2025-01-08 10:36:55.162126080,-0.05628194,0.002489830602874408
2025-01-08 10:36:55.172121088,-0.04905491,0.0022645494771755814
2025-01-08 10:36:55.182073088,-0.06478858,0.0020405674770877028
2025-01-08 10:36:55.192142080,-0.06322218,0.001818068957927349
2025-01-08 10:36:55.202400000,0.04924273,0.0015972372190316162
2025-01-08 10:36:55.211885824,0.02689587,0.0013782543474548411
2025-01-08 10:36:55.221968896,0.05209434,0.0011613010625319267
2025-01-08 10:36:55.232004864,0.09317803,0.0009465565614399064
2025-01-08 10:36:55.241932032,-0.13149442,0.0007341983658885043
2025-01-08 10:36:55.251965952,-0.10663261,0.0005244021700698709
2025-01-08 10:36:55.264998912,0.04837406,0.0003173416899964832
2025-01-08 10:36:55.272052992,0.04328477,0.00011318851435538255
2025-01-08 10:36:55.298995968,-0.02983302,-8.788804299441163e-05
2025-01-08 10:36:55.299022848,-0.05816723,-0.0002857210887555385
2025-01-08 10:36:55.302177024,0.00176114,-0.00048014629403276556
2025-01-08 10:36:55.311950848,0.08752949,-0.00067100203615732
2025-01-08 10:36:55.321955072,0.15270078,-0.0008581295383738982
2025-01-08 10:36:55.331974912,0.08355254,-0.0010413730072706302
2025-01-08 10:36:55.341989120,0.03288227,-0.0012205797678341839
2025-01-08 10:36:55.351937024,0.00621021,-0.0013956003960139327
2025-01-08 10:36:55.361993984,0.04409957,-0.0015662888486813538
2025-01-08 10:36:55.372055040,0.13602448,-0.0017325025908723648
2025-01-08 10:36:55.382059008,0.10194683,-0.0018941027202030892
2025-01-08 10:36:55.392004096,0.02701807,-0.002050954088351261
2025-01-08 10:36:55.402034944,0.01002914,-0.002202925419498116
2025-01-08 10:36:55.412098048,0.06284213,-0.002349889425627957
2025-01-08 10:36:55.422051840,0.029971,-0.0024917229185851186
2025-01-08 10:36:55.432024064,0.02607612,-0.002628306918790554
2025-01-08 10:36:55.442145024,0.04966241,-0.0027595267605231557
2025-01-08 10:36:55.452143872,0.0561173,-0.0028852721936734583
2025-01-08 10:36:55.462372096,0.04696894,-0.0030054374818804
2025-01-08 10:36:55.472201984,0.01750594,-0.0031199214969645714
2025-01-08 10:36:55.482320128,0.00070219,-0.003228627809574648
2025-01-08 10:36:55.492284160,-0.02967526,-0.0033314647759663174
2025-01-08 10:36:55.502338048,-0.03376146,-0.0034283456208367325
2025-01-08 10:36:55.512229888,-0.03458171,-0.0035191885161401414
2025-01-08 10:36:55.522196992,0.00552727,-0.0036039166558140823
2025-01-08 10:36:55.532263936,-0.00587332,-0.003682458326348565
2025-01-08 10:36:55.542244864,0.09020717,-0.0037547469731341802
2025-01-08 10:36:55.552297216,0.11292644,-0.0038207212625285362
2025-01-08 10:36:55.562297088,0.05379416,-0.003880325139583825
2025-01-08 10:36:55.572328192,-0.01685928,-0.00393350788138197
2025-01-08 10:36:55.582312960,-0.06894979,-0.003980224145927361
2025-01-08 10:36:55.592230912,-0.08058044,-0.00402043401655078
2025-01-08 10:36:55.602381056,-0.09440075,-0.004054103041782018
2025-01-08 10:36:55.612284928,-0.17555815,-0.004081202270651997
2025-01-08 10:36:55.622343168,-0.19779736,-0.00410170828338951
2025-01-08 10:36:55.632311040,-0.22198784,-0.004115603217480971
2025-01-08 10:36:55.642323968,-0.20468754,-0.004122874789065757
2025-01-08 10:36:55.652335872,-0.10610014,-0.004123516309643381
2025-01-08 10:36:55.662415104,-0.06343144,-0.004117526698072749
2025-01-08 10:36:55.672358912,-0.08829772,-0.004104910487847453
2025-01-08 10:36:55.682404096,-0.04070885,-0.004085677829635223
2025-01-08 10:36:55.692296960,-0.08008993,-0.004059844489073343
2025-01-08 10:36:55.702467072,-0.06271225,-0.0040274318398159465
2025-01-08 10:36:55.712538112,-0.00405526,-0.003988466851832944
2025-01-08 10:36:55.722444032,0.08602083,-0.0039429820749644455
2025-01-08 10:36:55.732408064,0.11263055,-0.0038910156177382037
2025-01-08 10:36:55.742430976,0.03180444,-0.003832611121461927
2025-01-08 10:36:55.752393984,-0.02666861,-0.003767817729605903
2025-01-08 10:36:55.762381056,-0.10564345,-0.003696690052495608
2025-01-08 10:36:55.772424960,-0.06671709,-0.0036192881273376092
2025-01-08 10:36:55.782448128,-0.03407127,-0.0035356773736063946
2025-01-08 10:36:55.792387072,-0.06575084,-0.003445928543823053
2025-01-08 10:36:55.802520064,-0.13504422,-0.00335011766976131
2025-01-08 10:36:55.812524032,-0.15880752,-0.003248326004119634
2025-01-08 10:36:55.822368000,-0.10786307,-0.0031406399577023542
2025-01-08 10:36:55.832420096,0.04330206,-0.003027151032156404
2025-01-08 10:36:55.842562816,0.11798716,-0.002907955748313973
2025-01-08 10:36:55.852509952,0.17888236,-0.00278315557019521
2025-01-08 10:36:55.862629888,0.26441026,-0.0026528568247286975
2025-01-08 10:36:55.872497152,0.43406749,-0.0025171706172511204
2025-01-08 10:36:55.882509824,0.49949551,-0.0023762127428510536
2025-01-08 10:36:55.893528064,0.41822302,-0.0022301035936254264
2025-01-08 10:36:55.902739968,0.27129841,-0.002078968061920712
2025-01-08 10:36:55.914001920,0.1607188,-0.001922935439634195
2025-01-08 10:36:55.922509056,0.12948143,-0.0017621393136542129
2025-01-08 10:36:55.932564992,0.09242094,-0.0015967174575214575
2025-01-08 10:36:55.942562048,0.00589138,-0.0014268117193967373
2025-01-08 10:36:55.952615936,-0.04184693,-0.0012525679064237579
2025-01-08 10:36:55.962600960,0.03058958,-0.001074135665578661
2025-01-08 10:36:55.972635136,0.14860177,-0.000891668361100937
2025-01-08 10:36:55.982608128,0.17577487,-0.0007053229486035491
2025-01-08 10:36:55.992645888,0.28015924,-0.0005152598459627649
2025-01-08 10:36:56.002882048,0.26922363,-0.0003216428010911075
2025-01-08 10:36:56.012701952,-0.16101778,-0.0001246387566996693
2025-01-08 10:36:56.022793984,-0.1420722,7.558228784154657e-05
2025-01-08 10:36:56.032839168,-0.08387677,0.00027884741743383363
2025-01-08 10:36:56.042859008,-0.07100247,0.0004849809448566692
2025-01-08 10:36:56.052859136,0.04930316,0.0006938045569351694
2025-01-08 10:36:56.062902016,-0.20514019,0.0009051374631495142
2025-01-08 10:36:56.072758016,0.01817568,0.001118796546565629
2025-01-08 10:36:56.082814976,-0.14340478,0.001334596516964385
2025-01-08 10:36:56.092838912,-0.18149316,0.00155235006604444
2025-01-08 10:36:56.102972928,-0.15721373,0.0017718680245719994
2025-01-08 10:36:56.112867072,-0.14666681,0.0019929595213490064
2025-01-08 10:36:56.122754048,-0.25274003,0.0022154321438695498
2025-01-08 10:36:56.132864000,-0.11051226,0.0024390921005325986
2025-01-08 10:36:56.142718976,-0.06069371,0.00266374438427784
2025-01-08 10:36:56.153598976,-0.11442684,0.00288919293750989
2025-01-08 10:36:56.162707200,0.17407806,0.00311524081817494
2025-01-08 10:36:56.172780032,0.12963203,0.0033416903668526555
2025-01-08 10:36:56.182782976,0.11256468,0.0035683433747252975
2025-01-08 10:36:56.192738048,0.07494266,0.003795001252284758
2025-01-08 10:36:56.202874880,-0.2131546,0.004021465198637725
2025-01-08 10:36:56.212777984,-0.2462506,0.004247536371268265
2025-01-08 10:36:56.222841088,-0.14064798,0.004473016056116558
2025-01-08 10:36:56.232786944,0.07535912,0.004697705837832053
2025-01-08 10:36:56.242872064,-0.10277367,0.00492140777005902
2025-01-08 10:36:56.252866048,-0.06932759,0.005143924545611986
2025-01-08 10:36:56.262872832,-0.07894874,0.005365059666398724
2025-01-08 10:36:56.272830976,-0.1361742,0.005584617612948168
2025-01-08 10:36:56.282895104,-0.07950453,0.005802404013400946
2025-01-08 10:36:56.292802048,0.11819036,0.006018225811820201
2025-01-08 10:36:56.302968064,-0.02967075,0.006231891435681019
2025-01-08 10:36:56.312891904,-0.01521824,0.006443210962396806
2025-01-08 10:36:56.323111936,0.01232405,0.006651996284742065
2025-01-08 10:36:56.332901888,-0.03492056,0.006858061275031078
2025-01-08 10:36:56.342982144,-0.02828449,0.007061221947913412
2025-01-08 10:36:56.353007104,0.07512756,0.007261296621647564
2025-01-08 10:36:56.362934016,0.07555211,0.00745810607771551
2025-01-08 10:36:56.372960000,0.06055726,0.007651473718641676
2025-01-08 10:36:56.382917888,0.09220012,0.007841225723881467
2025-01-08 10:36:56.392939008,-0.01428632,0.008027191203645588
2025-01-08 10:36:56.403032064,-0.03689329,0.008209202350528001
2025-01-08 10:36:56.412972800,-0.02294421,0.008387094588806905
2025-01-08 10:36:56.423571200,-0.06353062,0.008560706721289921
2025-01-08 10:36:56.432976128,-0.01446735,0.00872988107357624
2025-01-08 10:36:56.443034880,0.00666333,0.008894463635610724
2025-01-08 10:36:56.453736960,-0.07067405,0.009054304200406685
2025-01-08 10:36:56.463372032,-0.06281119,0.009209256499816397
2025-01-08 10:36:56.473301760,0.0113368,0.009359178337230437
2025-01-08 10:36:56.483552000,0.08455259,0.009503931717089516
2025-01-08 10:36:56.492950016,0.1097762,0.009643382971094563
2025-01-08 10:36:56.503155968,0.13307446,0.009777402881003745
2025-01-08 10:36:56.512957952,0.20129478,0.009905866797907305
2025-01-08 10:36:56.523036928,0.18638551,0.010028654757874185
2025-01-08 10:36:56.533071104,0.07319957,0.010145651593866906
2025-01-08 10:36:56.543059968,-0.06870639,0.010256747043824323
2025-01-08 10:36:56.553046016,-0.11245197,0.010361835854814578
2025-01-08 10:36:56.563038208,-0.08289088,0.010460817883163978
2025-01-08 10:36:56.573100032,-0.01290138,0.010553598190470243
2025-01-08 10:36:56.583152128,0.00377292,0.010640087135412288
2025-01-08 10:36:56.593043968,-0.00826079,0.010720200461271501
2025-01-08 10:36:56.603117056,0.04541636,0.010793859379083321
2025-01-08 10:36:56.613059072,0.07268584,0.010860990646340942
2025-01-08 10:36:56.623193856,0.06784505,0.010921526641176899
2025-01-08 10:36:56.637847040,0.04933698,0.01097540543195149
2025-01-08 10:36:56.643414016,0.0407269,0.011022570842180984
2025-01-08 10:36:56.653218048,0.03569984,0.011062972510741943
2025-01-08 10:36:56.663182080,-0.04563915,0.01109656594729213
2025-01-08 10:36:56.673121024,-0.06943189,0.011123312582851819
2025-01-08 10:36:56.683168000,-0.12980127,0.011143179815493818
2025-01-08 10:36:56.693165056,-0.11272651,0.011156141051093709
2025-01-08 10:36:56.703279872,-0.07847261,0.011162175739096518
2025-01-08 10:36:56.713206016,-0.02746385,0.011161269403259393
2025-01-08 10:36:56.723352064,-0.07000639,0.011153413667334503
2025-01-08 10:36:56.733176832,-0.06418865,0.011138606275659815
2025-01-08 10:36:56.743380992,0.04123945,0.011116851108630333
2025-01-08 10:36:56.753185024,-0.00810218,0.011088158193025614
2025-01-08 10:36:56.763195904,-0.02333563,0.011052543707174463
2025-01-08 10:36:56.773271040,-0.0016861,0.011010029980941135
2025-01-08 10:36:56.783261952,-0.02609628,0.010960645490522199
2025-01-08 10:36:56.793207808,-0.03357296,0.010904424848046986
2025-01-08 10:36:56.803357952,-0.04196548,0.010841408785979213
2025-01-08 10:36:56.813296128,-0.08316838,0.010771644136321227
2025-01-08 10:36:56.823251968,-0.06828749,0.010695183804627001
2025-01-08 10:36:56.833230080,-0.03560967,0.010612086738833805
2025-01-08 10:36:56.843419904,-0.01421201,0.010522417892927363
2025-01-08 10:36:56.853370880,-0.1377871,0.01042624818545883
2025-01-08 10:36:56.863322112,-0.18829447,0.01032365445293692
2025-01-08 10:36:56.873347072,-0.16778964,0.010214719398122173
2025-01-08 10:36:56.883379968,-0.12409693,0.010099531533254994
2025-01-08 10:36:56.893331968,-0.07374096,0.009978185118253042
2025-01-08 10:36:56.903439872,-0.04604101,0.009850780093917945
2025-01-08 10:36:56.913295872,-0.07087755,0.00971742201019526
2025-01-08 10:36:56.923495168,-0.10126746,0.009578221949536059
2025-01-08 10:36:56.933330176,-0.12973213,0.009433296445412251
2025-01-08 10:36:56.943508992,-0.13604094,0.009282767396042196
2025-01-08 10:36:56.953447936,-0.03531755,0.009126761973386886
2025-01-08 10:36:56.963574784,0.1173104,0.008965412527481266
2025-01-08 10:36:56.973572864,0.30179906,0.008798856486168889
2025-01-08 10:36:56.983629824,0.42625666,0.008627236250312389
2025-01-08 10:36:56.993614080,0.51305485,0.008450699084555676
2025-01-08 10:36:57.003657984,0.58232307,0.008269397003718034
2025-01-08 10:36:57.013554176,0.41822624,0.008083486654903547
2025-01-08 10:36:57.023730944,0.0663656,0.007893129195413438
2025-01-08 10:36:57.033566976,-0.07996165,0.007698490166552059
2025-01-08 10:36:57.043598848,-0.03295232,0.0074997393634213365
2025-01-08 10:36:57.053570048,0.02083921,0.007297050700801374
2025-01-08 10:36:57.063546880,0.05739236,0.007090602075218895
2025-01-08 10:36:57.073559040,0.11892998,0.00688057522330808
2025-01-08 10:36:57.083518976,0.14580381,0.006667155576571961
2025-01-08 10:36:57.093462016,0.25526178,0.006450532112655392
2025-01-08 10:36:57.103488000,0.26191151,0.0062308972032440275
2025-01-08 10:36:57.113475072,0.12767601,0.0060084464587064615
2025-01-08 10:36:57.123641088,0.15116894,0.0057833785695998235
2025-01-08 10:36:57.133544960,0.11344922,0.005555895145161713
2025-01-08 10:36:57.143488768,-0.08282506,0.0053262005489144474
2025-01-08 10:36:57.153757952,-0.20784825,0.0050945017315096935
2025-01-08 10:36:57.164336896,-0.078987,0.004861008060944742
2025-01-08 10:36:57.173508864,-0.07418507,0.004625931150283522
2025-01-08 10:36:57.183610880,0.05881619,0.004389484683018206
2025-01-08 10:36:57.193492992,0.2788049,0.0041518842362092395
2025-01-08 10:36:57.203528960,0.07076079,0.003913347101543908
2025-01-08 10:36:57.213529088,-0.01885735,0.003674092104455443
2025-01-08 10:36:57.223576064,0.02514394,0.0034343394214466547
2025-01-08 10:36:57.233534976,-0.01048833,0.0031943103957638667
2025-01-08 10:36:57.243880960,0.00193173,0.0029542273515685575
2025-01-08 10:36:57.253768960,-0.27410483,0.0027143134067556915
2025-01-08 10:36:57.263617024,-0.18613982,0.002474792284569259
2025-01-08 10:36:57.273644032,-0.2226785,0.0022358881241666645
2025-01-08 10:36:57.283634944,-0.01325089,0.001997825290285085
2025-01-08 10:36:57.293627136,-0.1098782,0.0017608281821637414
2025-01-08 10:36:57.303642112,-0.25288725,0.0015251210418772334
2025-01-08 10:36:57.313757952,-0.05670047,0.0012909277622356805
2025-01-08 10:36:57.323745024,-0.04952832,0.0010584716944084102
2025-01-08 10:36:57.333741056,-0.0157007,0.0008279754554282774
2025-01-08 10:36:57.343832064,0.00139938,0.0005996607357343337
2025-01-08 10:36:57.354147072,-0.02746999,0.000373748106910838
2025-01-08 10:36:57.363677952,-0.00882746,0.00015045682978086813
2025-01-08 10:36:57.373686016,0.06213962,-6.999533698718494e-05
2025-01-08 10:36:57.383842048,0.00982247,-0.00028739232760190744
2025-01-08 10:36:57.393779968,-0.00740306,-0.0005015199590418464
2025-01-08 10:36:57.403791872,-0.0213273,-0.0007121661199613145
2025-01-08 10:36:57.413708032,-0.12772638,-0.0009191209584515983
2025-01-08 10:36:57.423777024,-0.11584841,-0.0011221770685006926
2025-01-08 10:36:57.433760000,-0.037258,-0.001321129674995317
2025-01-08 10:36:57.443783936,-0.1420369,-0.0015157768171098506
2025-01-08 10:36:57.453731072,-0.08736114,-0.0017059195299275985
2025-01-08 10:36:57.463761152,-0.04898553,-0.0018913620241410173
2025-01-08 10:36:57.473790976,-0.06506586,-0.002071911863678578
2025-01-08 10:36:57.483772160,-0.01764339,-0.002247380141107272
2025-01-08 10:36:57.493801216,-0.02025156,-0.002417581650661231
2025-01-08 10:36:57.503915008,-0.05689049,-0.0025823350587484027
2025-01-08 10:36:57.513724928,-0.00343751,-0.002741463071788925
2025-01-08 10:36:57.523693056,0.02131916,-0.0028947926012406608
2025-01-08 10:36:57.533747968,0.10159034,-0.003042154925669192
2025-01-08 10:36:57.543764224,0.08730179,-0.0031833858497216086
2025-01-08 10:36:57.553772800,0.06073178,-0.003318325859865615
2025-01-08 10:36:57.563770112,-0.07708101,-0.00344682027675769
2025-01-08 10:36:57.573901056,-0.10886019,-0.0035687194041063987
2025-01-08 10:36:57.584206080,-0.07184422,-0.003683878673899457
2025-01-08 10:36:57.593893120,-0.06236481,-0.00379215878786572
2025-01-08 10:36:57.604065792,-0.0070458,-0.0038934258550460004
2025-01-08 10:36:57.613902080,0.0375833,-0.003987551525349341
2025-01-08 10:36:57.623959040,-0.01532065,-0.004074413118974415
2025-01-08 10:36:57.633958144,0.00021988,-0.004153893751578555
2025-01-08 10:36:57.643964928,0.13745892,-0.004225882455080256
2025-01-08 10:36:57.653888000,0.20655233,-0.004290274293983931
2025-01-08 10:36:57.664012032,0.20828062,-0.004346970477119257
2025-01-08 10:36:57.674056960,0.12938917,-0.004395878464690694
2025-01-08 10:36:57.683988992,0.09791553,-0.004436912070536292
2025-01-08 10:36:57.694130944,0.01612949,-0.004469991559498462
2025-01-08 10:36:57.704464896,0.00989616,-0.00449504373981313
2025-01-08 10:36:57.713988096,-0.0123967,-0.0045120020504272745
2025-01-08 10:36:57.724029952,0.00307668,-0.004520806643158847
2025-01-08 10:36:57.734033152,0.02068854,-0.004521404459616838
2025-01-08 10:36:57.744347136,-0.00563633,-0.00451374930280337
2025-01-08 10:36:57.754142976,0.04250491,-0.004497801903323533
2025-01-08 10:36:57.764044032,0.01506341,-0.004473529980133052
2025-01-08 10:36:57.774046976,-0.02851701,-0.004440908295757826
2025-01-08 10:36:57.784080896,-0.03421837,-0.004399918705923796
2025-01-08 10:36:57.794092800,-0.02284479,-0.004350550203539703
2025-01-08 10:36:57.804187904,-0.01773357,-0.004292798956979927
2025-01-08 10:36:57.814040064,-0.04450637,-0.004226668342618643
2025-01-08 10:36:57.824071936,-0.07778394,-0.00415216897157142
2025-01-08 10:36:57.834098944,-0.17858952,-0.0040693187106044144
2025-01-08 10:36:57.844398080,-0.09441262,-0.003978142697176292
2025-01-08 10:36:57.854042880,-0.08960587,-0.003878673348582212
2025-01-08 10:36:57.864192000,-0.07484591,-0.0037709503651741764
2025-01-08 10:36:57.874062080,-0.03391147,-0.0036550207276363346
2025-01-08 10:36:57.884294912,-0.03693176,-0.0035309386882988614
2025-01-08 10:36:57.894275840,-0.02960866,-0.0033987657564783767
2025-01-08 10:36:57.904411136,-0.03542727,-0.0032585706778379166
2025-01-08 10:36:57.914288896,-0.06366545,-0.0031104294077638995
2025-01-08 10:36:57.924282112,-0.07453436,-0.0029544250787625972
2025-01-08 10:36:57.934253056,-0.05752927,-0.0027906479618829473
2025-01-08 10:36:57.944339968,-0.03496325,-0.0026191954221778686
2025-01-08 10:36:57.954371840,-0.01056063,-0.0024401718682204045
2025-01-08 10:36:57.964457984,0.0212245,-0.0022536886956962448
2025-01-08 10:36:57.974505984,0.07618701,-0.002059864225098678
2025-01-08 10:36:57.984483840,0.08244848,-0.001858823633556894
2025-01-08 10:36:57.994332160,0.05105567,-0.0016506988808331264
2025-01-08 10:36:58.004493056,0.0268166,-0.0014356286295291421
2025-01-08 10:36:58.014385920,-0.02108252,-0.0012137581595468674
2025-01-08 10:36:58.024747008,-0.03179896,-0.0009852392768530424
2025-01-08 10:36:58.034267904,-0.06813049,-0.0007502302166020203
2025-01-08 10:36:58.044209920,-0.08003903,-0.0005088955406758575
2025-01-08 10:36:58.054322944,-0.06966889,-0.0002614060297049367
2025-01-08 10:36:58.064357888,-0.04349756,-7.93856963748551e-06
2025-01-08 10:36:58.074309120,0.01640868,0.0002513239670698209
2025-01-08 10:36:58.084389888,-0.0367601,0.0005161928455628894
2025-01-08 10:36:58.094347008,-0.09843539,0.0007864735979217632
2025-01-08 10:36:58.104432128,-0.08226478,0.0010619661576267516
2025-01-08 10:36:58.114356992,0.01015401,0.0013424649990693574
2025-01-08 10:36:58.124303104,0.15742886,0.001627759282013542
2025-01-08 10:36:58.134289152,0.24044204,0.0019176330009091967
2025-01-08 10:36:58.144377856,0.23196006,0.002211865138955099
2025-01-08 10:36:58.154320128,0.26277602,0.0025102298268050533
2025-01-08 10:36:58.165106176,0.29477596,0.002812496505806605
2025-01-08 10:36:58.174444800,0.25399625,0.0031184300956581517
2025-01-08 10:36:58.184313088,0.13080835,0.003427791166366146
2025-01-08 10:36:58.194551040,-0.03131533,0.0037403361143808194
2025-01-08 10:36:58.204446976,-0.08554363,0.004055817342784696
2025-01-08 10:36:58.214409984,0.02516817,0.004373983445405167
2025-01-08 10:36:58.224412928,0.10433436,0.004694579394718517
2025-01-08 10:36:58.234590976,0.0985458,0.005017346733409788
2025-01-08 10:36:58.244452864,0.11061157,0.005342023769449307
2025-01-08 10:36:58.254429184,0.06949818,0.005668345774543897
2025-01-08 10:36:58.264484864,0.09053802,0.00599604518581737
2025-01-08 10:36:58.274403072,0.09188032,0.006324851810572382
2025-01-08 10:36:58.284495104,0.08923483,0.006654493033982432
2025-01-08 10:36:58.294464000,0.19491982,0.0069846940295605845
2025-01-08 10:36:58.304527872,0.27278543,0.007315177972248335
2025-01-08 10:36:58.316609024,0.22301722,0.007645666253966134
2025-01-08 10:36:58.324604928,0.09892923,0.00797587870146412
2025-01-08 10:36:58.334419968,-0.12570667,0.008305533796309923
2025-01-08 10:36:58.344603136,0.04237461,0.008634348896847777
2025-01-08 10:36:58.354502912,0.07543623,0.008962040461961564
2025-01-08 10:36:58.364451840,0.06816453,0.009288324276472245
2025-01-08 10:36:58.374518016,0.12451041,0.009612915677998577
2025-01-08 10:36:58.384556032,-0.31814194,0.009935529785108229
2025-01-08 10:36:58.394661888,-0.13540787,0.010255881726585099
2025-01-08 10:36:58.404644096,-0.2375586,0.010573686871637055
2025-01-08 10:36:58.414558976,-0.09072446,0.010888661060867283
2025-01-08 10:36:58.424601088,-0.0726614,0.01120052083783116
2025-01-08 10:36:58.434652928,-0.32917613,0.011508983680999837
2025-01-08 10:36:58.444600064,-0.08818431,0.011813768235950543
2025-01-08 10:36:58.454592000,-0.0109828,0.01211459454760336
2025-01-08 10:36:58.464715008,0.1570487,0.012411184292323253
2025-01-08 10:36:58.474617856,0.04323578,0.012703261009706084
2025-01-08 10:36:58.484708096,-0.10832095,0.012990550333866754
2025-01-08 10:36:58.494987008,0.00387943,0.01327278022404778
2025-01-08 10:36:58.504802048,-0.06433939,0.013549681194366333
2025-01-08 10:36:58.514596096,-0.02681887,0.013820986542518196
2025-01-08 10:36:58.524653056,-0.04926403,0.014086432577257127
2025-01-08 10:36:58.534599168,-0.09689607,0.014345758844468743
2025-01-08 10:36:58.544677888,0.01090009,0.01459870835165849
2025-01-08 10:36:58.554725888,-0.02382612,0.014845027790674052
2025-01-08 10:36:58.564762112,0.011801,0.015084467758483287
2025-01-08 10:36:58.574651904,-0.00426102,0.015316782975829996
2025-01-08 10:36:58.584681984,-0.19778877,0.015541732503590653
2025-01-08 10:36:58.594927104,-0.21401024,0.015759079956656725
2025-01-08 10:36:58.604877056,-0.07008344,0.0159685937151686
2025-01-08 10:36:58.614891008,-0.01951778,0.016170047132928543
2025-01-08 10:36:58.624720128,-0.02287591,0.016363218742821883
2025-01-08 10:36:58.634696960,-0.00668233,0.016547892459077503
2025-01-08 10:36:58.644722944,-0.08773184,0.016723857776200512
2025-01-08 10:36:58.654761984,-0.0390166,0.0168909099644122
2025-01-08 10:36:58.664883968,0.03513508,0.01704885026143446
2025-01-08 10:36:58.674789888,0.0233907,0.01719748606045836
2025-01-08 10:36:58.684782080,0.07733225,0.01733663109413883
2025-01-08 10:36:58.694913024,0.03627533,0.017466105614460284
2025-01-08 10:36:58.704942080,0.030371,0.017585736568320416
2025-01-08 10:36:58.714775040,0.03418809,0.01769535776868252
2025-01-08 10:36:58.724816128,-0.03772682,0.017794810061149555
2025-01-08 10:36:58.734807040,0.00979484,0.01788394148581619
2025-01-08 10:36:58.744865024,0.02850211,0.01796260743425842
2025-01-08 10:36:58.754811136,0.07500917,0.018030670801523548
2025-01-08 10:36:58.764851968,0.1540581,0.01808800213298687
2025-01-08 10:36:58.774796032,0.10043573,0.018134479765944782
2025-01-08 10:36:58.784864000,-0.06233293,0.0181699899658179
2025-01-08 10:36:58.794909952,-0.04436976,0.018194427056841305
2025-01-08 10:36:58.805206016,-0.06510967,0.018207693547123188
2025-01-08 10:36:58.814963968,-0.05970812,0.018209700247956703
2025-01-08 10:36:58.824899840,0.00351698,0.018200366387274423
2025-01-08 10:36:58.835000064,-0.0465458,0.018179619717138423
2025-01-08 10:36:58.845190912,0.02380574,0.018147396615163704
2025-01-08 10:36:58.855040000,0.14447933,0.01810364217977664
2025-01-08 10:36:58.865072128,0.20615184,0.018048310319214833
2025-01-08 10:36:58.875077120,0.16947991,0.017981363834179098
2025-01-08 10:36:58.885113088,0.08256292,0.0179027744940529
2025-01-08 10:36:58.895095040,-0.05851394,0.017812523106609218
2025-01-08 10:36:58.905186816,-0.05688423,0.017710599581129676
2025-01-08 10:36:58.915169024,-0.02429104,0.017597002984865287
2025-01-08 10:36:58.925008128,-0.00785189,0.017471741592773288
2025-01-08 10:36:58.934993152,0.06380004,0.017334832930469286
2025-01-08 10:36:58.945254144,0.04372895,0.017186303810339094
2025-01-08 10:36:58.955024896,0.05156541,0.017026190360759336
2025-01-08 10:36:58.965364992,0.01853741,0.01685453804838148
2025-01-08 10:36:58.975121920,-0.01759875,0.01667140169343853
2025-01-08 10:36:58.985563136,-0.01381719,0.01647684547803921
2025-01-08 10:36:58.995084032,0.06948394,0.016270942947419455
2025-01-08 10:36:59.005091840,0.05733836,0.016053777004126413
2025-01-08 10:36:59.015273216,0.09791422,0.015825439895115142
2025-01-08 10:36:59.025083904,0.14137816,0.015586033191744031
2025-01-08 10:36:59.034991872,0.16367424,0.015335667762659608
2025-01-08 10:36:59.045044992,0.18385613,0.015074463739567372
2025-01-08 10:36:59.055234816,0.12291473,0.014802550475890233
2025-01-08 10:36:59.065082112,0.07862711,0.014520066498321679
2025-01-08 10:36:59.075058944,-0.03207304,0.014227159451286114
2025-01-08 10:36:59.085042944,-0.12235047,0.013923986034324324
2025-01-08 10:36:59.095119872,-0.1802159,0.013610711932427098
2025-01-08 10:36:59.105184000,-0.17143901,0.013287511739345784
2025-01-08 10:36:59.115185920,-0.18434687,0.012954568873913632
2025-01-08 10:36:59.125171968,-0.24697691,0.012612075489417281
2025-01-08 10:36:59.135160064,-0.24921131,0.012260232376062956
2025-01-08 10:36:59.145176832,-0.1564972,0.011899248856587457
2025-01-08 10:36:59.155358976,-0.07492393,0.011529342675069047
2025-01-08 10:36:59.165164032,-0.07691722,0.011150739878998787
2025-01-08 10:36:59.175868928,-0.13052469,0.010763674694678007
2025-01-08 10:36:59.185163008,-0.13885641,0.010368389396012883
2025-01-08 10:36:59.195190784,-0.06741828,0.009965134166781978
2025-01-08 10:36:59.205344000,-0.0574606,0.00955416695645813
2025-01-08 10:36:59.215183872,-0.05845171,0.00913575332967063
2025-01-08 10:36:59.225251840,-0.03161036,0.00871016630939902
2025-01-08 10:36:59.235289088,-0.03415577,0.00827768621399456
2025-01-08 10:36:59.245213952,-0.01428538,0.00783860048813033
2025-01-08 10:36:59.255261952,-0.0094124,0.0073932035277857605
2025-01-08 10:36:59.265271808,-0.03072673,0.006941796499376264
2025-01-08 10:36:59.275258112,-0.10491586,0.006484687153142869
2025-01-08 10:36:59.285305856,-0.09630477,0.006022189630921992
2025-01-08 10:36:59.295310848,-0.10771292,0.005554624268419379
2025-01-08 10:36:59.305391104,-0.06803012,0.00508231739211716
2025-01-08 10:36:59.315227136,-0.04559207,0.004605601110946878
2025-01-08 10:36:59.325321984,-0.03804433,0.004124813102866094
2025-01-08 10:36:59.335336960,0.00386083,0.0036402963964797426
2025-01-08 10:36:59.345340928,0.04796827,0.0031523991478521014
2025-01-08 10:36:59.355303168,0.14374423,0.0026614744126586026
2025-01-08 10:36:59.365326848,0.28474188,0.002167879913831095
2025-01-08 10:36:59.375294976,0.37229526,0.0016719778048534862
2025-01-08 10:36:59.385346816,0.36739612,0.0011741344288686937
2025-01-08 10:36:59.395372032,0.3344332,0.0006747200737610465
2025-01-08 10:36:59.405409024,0.23499393,0.0001741087233820118
2025-01-08 10:36:59.415343104,0.15317285,-0.00032732219490991314
2025-01-08 10:36:59.425371904,0.08195972,-0.0008291920662207963
2025-01-08 10:36:59.435460096,0.07105005,-0.001331117347427277
2025-01-08 10:36:59.445436928,0.06763446,-0.0018327118296366596
2025-01-08 10:36:59.455401984,0.04961205,-0.0023335869036181997
2025-01-08 10:36:59.465559040,0.12045681,-0.002833351828020021
2025-01-08 10:36:59.475397120,0.21717334,-0.0033316140001832953
2025-01-08 10:36:59.485536000,0.2208398,-0.0038279792293633187
2025-01-08 10:36:59.495404032,0.08782953,-0.004322052012164493
2025-01-08 10:36:59.505455872,-0.05823315,-0.004813435809994322
2025-01-08 10:36:59.515418880,-0.0820806,-0.005301733328339446
2025-01-08 10:36:59.525497856,-0.00907355,-0.005786546797664886
2025-01-08 10:36:59.535453184,-0.02688628,-0.006267478255736091
2025-01-08 10:36:59.545538816,0.05156392,-0.006744129831161583
2025-01-08 10:36:59.555460864,-0.10917061,-0.007216104027952967
2025-01-08 10:36:59.565517824,-0.10078948,-0.007683004010897312
2025-01-08 10:36:59.575439104,0.08112752,-0.008144433891536343
2025-01-08 10:36:59.585467136,-0.07028843,-0.008599999014545457
2025-01-08 10:36:59.595459072,0.13694841,-0.009049306244305102
2025-01-08 10:36:59.605474048,-0.01482612,-0.009491964251456183
2025-01-08 10:36:59.617103104,-0.09726131,-0.009927583799230817
2025-01-08 10:36:59.625512960,-0.14661913,-0.010355778029349264
2025-01-08 10:36:59.635518976,-0.25140077,-0.010776162747273823
2025-01-08 10:36:59.645664000,-0.18111895,-0.01118835670661028
2025-01-08 10:36:59.659228928,-0.02072334,-0.01159198189244777
2025-01-08 10:36:59.665584128,0.1491551,-0.01198666380342803
2025-01-08 10:36:59.675524864,0.19681221,-0.012372031732335616
2025-01-08 10:36:59.685748224,-0.04861043,-0.012747719045000988
2025-01-08 10:36:59.695684864,-0.01348341,-0.01311336345730953
2025-01-08 10:36:59.705544960,-0.02480881,-0.013468607310109848
2025-01-08 10:36:59.715569920,-0.07924901,-0.013813097841816398
2025-01-08 10:36:59.725472000,0.06300582,-0.014146487458502133
2025-01-08 10:36:59.736552960,-0.01741999,-0.014468434001278636
2025-01-08 10:36:59.745464064,-0.08006559,-0.014778601010762392
2025-01-08 10:36:59.755617024,0.00630015,-0.015076657988427705
2025-01-08 10:36:59.765593088,-0.11551625,-0.015362280654648522
2025-01-08 10:36:59.775630080,-0.09911644,-0.015635151203233298
2025-01-08 10:36:59.785586176,-0.16882831,-0.015894958552259288
2025-01-08 10:36:59.795582976,-0.12041026,-0.01614139859101481
2025-01-08 10:36:59.805729024,0.01355787,-0.01637417442286036
2025-01-08 10:36:59.815748096,-0.04449356,-0.016592996603822137
2025-01-08 10:36:59.825758976,-0.01589324,-0.016797583376734197
2025-01-08 10:36:59.835758080,-0.02623415,-0.01698766090074811
2025-01-08 10:36:59.845700096,-0.09391169,-0.017162963476032182
2025-01-08 10:36:59.855716096,-0.12032484,-0.01732323376348524
2025-01-08 10:36:59.865728000,-0.05634177,-0.017468222999293355
2025-01-08 10:36:59.875688192,-0.00092559,-0.01759769120416099
2025-01-08 10:36:59.885669120,0.13388251,-0.017711407387051886
2025-01-08 10:36:59.895830016,0.21076648,-0.017809149743278404
2025-01-08 10:36:59.905986048,-0.00137645,-0.017890705846781776
2025-01-08 10:36:59.915687936,-0.03632027,-0.017955872836449727
2025-01-08 10:36:59.925692160,-0.01096832,-0.018004457596321854
2025-01-08 10:36:59.935782912,-0.04035044,-0.018036276929537128
2025-01-08 10:36:59.945869056,0.01880944,-0.01805115772588238
2025-01-08 10:36:59.955759104,0.05733536,-0.018048937122804688
2025-01-08 10:36:59.965751040,0.02990121,-0.018029462659755243
2025-01-08 10:36:59.975688960,0.05377544,-0.017992592425736583
2025-01-08 10:36:59.985671936,0.02919364,-0.017938195199930018
2025-01-08 10:36:59.996030208,0.04781872,-0.017866150585284582
2025-01-08 10:37:00.005933056,0.04750431,-0.017776349134953733
2025-01-08 10:37:00.016141824,0.06469274,-0.017668692471471157
2025-01-08 10:37:00.025698816,0.10391939,-0.017543093398561672
2025-01-08 10:37:00.035821056,-0.07892238,-0.01739947600548874
2025-01-08 10:37:00.045871104,-0.15064651,-0.017237775763845033
2025-01-08 10:37:00.055888896,-0.23139471,-0.017057939616697798
2025-01-08 10:37:00.065933056,-0.09948742,-0.01685992606000621
2025-01-08 10:37:00.075614976,-0.02429068,-0.01664370521623316
2025-01-08 10:37:00.085705984,0.02158302,-0.016409258900079635
2025-01-08 10:37:00.095802112,0.08492279,-0.016156580676274946
2025-01-08 10:37:00.105938944,0.11481647,-0.0158856759093623
2025-01-08 10:37:00.115825920,0.16469936,-0.015596561805424231
2025-01-08 10:37:00.125724160,0.06899028,-0.015289267445698472
2025-01-08 10:37:00.135976192,-0.05402672,-0.014963833812040505
2025-01-08 10:37:00.146735872,-0.04230917,-0.014620313804194837
2025-01-08 10:37:00.155950080,-0.03063531,-0.0142587722488427
2025-01-08 10:37:00.165911808,0.00151343,-0.013879285900400091
2025-01-08 10:37:00.176688896,0.05210882,-0.013481943433545564
2025-01-08 10:37:00.186075904,0.00164683,-0.01306684542746334
2025-01-08 10:37:00.198213120,0.01945043,-0.012634104341793136
2025-01-08 10:37:00.206056960,-0.02866906,-0.012183844484284168
2025-01-08 10:37:00.216119040,-0.01793134,-0.011716201970156489
2025-01-08 10:37:00.226150144,-0.02691608,-0.011231324673179199
2025-01-08 10:37:00.235960064,-0.06554669,-0.01072937216848053
2025-01-08 10:37:00.246016000,-0.04875839,-0.0102105156671113
2025-01-08 10:37:00.256012032,-0.00518036,-0.009674937942388703
2025-01-08 10:37:00.266096128,0.00248509,-0.009122833248053778
2025-01-08 10:37:00.276070144,0.00688481,-0.00855440722828145
2025-01-08 10:37:00.286107136,-0.01896309,-0.00796987681958836
2025-01-08 10:37:00.295991808,-0.02302498,-0.0073694701446891525
2025-01-08 10:37:00.306235136,-0.03811646,-0.0067534263983581614
2025-01-08 10:37:00.316123136,-0.0076614,-0.006121995725358977
2025-01-08 10:37:00.326055936,-0.02959651,-0.005475439090510376
2025-01-08 10:37:00.336179968,-0.0317117,-0.004814028140962613
2025-01-08 10:37:00.346200064,-0.04724879,-0.004138045060764198
2025-01-08 10:37:00.356338944,-0.08003503,-0.0034477824178043254
2025-01-08 10:37:00.366108928,-0.05286002,-0.002743543003222447
2025-01-08 10:37:00.376118784,-0.12586874,-0.0020256396633813872
2025-01-08 10:37:00.386161920,-0.14491117,-0.0012943951245063773
2025-01-08 10:37:00.396150016,-0.08782893,-0.0005501418100974081
2025-01-08 10:37:00.406248960,-0.02913147,0.00020677834877190092
2025-01-08 10:37:00.416066816,-0.0427351,0.0009760141101509736
2025-01-08 10:37:00.426179840,0.00612438,0.001757205124780817
2025-01-08 10:37:00.436182016,0.0747031,0.002549982146406016
2025-01-08 10:37:00.446172928,0.0399574,0.0033539672486965566
2025-01-08 10:37:00.456801024,-0.01273775,0.004168774048640978
2025-01-08 10:37:00.466278912,-0.06785965,0.0049940079362673934
2025-01-08 10:37:00.476249088,-0.07641101,0.005829266310544383
2025-01-08 10:37:00.486382080,-0.09482945,0.006674138821308796
2025-01-08 10:37:00.496174080,-0.05986428,0.007528207617063322
2025-01-08 10:37:00.506313984,0.04244065,0.008391047598481846
2025-01-08 10:37:00.516232960,0.03994739,0.009262226677456676
2025-01-08 10:37:00.526211072,0.01839209,0.010141306041517108
2025-01-08 10:37:00.536248064,0.01739693,0.011027840423445108
2025-01-08 10:37:00.546333952,-0.01858712,0.011921378375909494
2025-01-08 10:37:00.556281088,-0.02231085,0.012821462550936526
2025-01-08 10:37:00.566340864,0.05310332,0.013727629984030805
2025-01-08 10:37:00.576307968,0.11580215,0.014639412382756886
2025-01-08 10:37:00.586458880,0.10007501,0.015556336419588606
2025-01-08 10:37:00.596412928,0.08653402,0.016477924028829628
2025-01-08 10:37:00.606406912,0.14974904,0.017403692707405705
2025-01-08 10:37:00.616320000,0.22145617,0.01833315581932593
2025-01-08 10:37:00.626473984,0.25368571,0.019265822903607434
2025-01-08 10:37:00.636340992,0.28399038,0.020201199985455227
2025-01-08 10:37:00.646373888,0.20825636,0.021138789890486103
2025-01-08 10:37:00.656361216,0.10011877,0.022078092561783353
2025-01-08 10:37:00.666465024,0.05177046,0.02301860537956636
2025-01-08 10:37:00.676410880,0.01159334,0.0239598234832572
2025-01-08 10:37:00.686420992,-0.01389909,0.024901240095724357
2025-01-08 10:37:00.696494080,-0.05676556,0.02584234684948165
2025-01-08 10:37:00.706638080,-0.03428269,0.026782634114618876
2025-01-08 10:37:00.716630016,0.02397323,0.027721591328239162
2025-01-08 10:37:00.726635008,0.08717025,0.028658707325176568
2025-01-08 10:37:00.736530944,0.08591962,0.02959347066976616
2025-01-08 10:37:00.746608128,0.04689467,0.030525369988437964
2025-01-08 10:37:00.756601088,0.03197443,0.031453894302905204
2025-01-08 10:37:00.766701056,-0.01773191,0.032378533363716155
2025-01-08 10:37:00.777587968,-0.05255533,0.033298777983939105
2025-01-08 10:37:00.787927040,-0.05371273,0.034214120372748805
2025-01-08 10:37:00.796644864,-0.01550687,0.03512405446868289
2025-01-08 10:37:00.806766080,-0.00355887,0.03602807627233666
2025-01-08 10:37:00.816566016,-0.02327037,0.036925684178264674
2025-01-08 10:37:00.826580992,-0.06374598,0.037816379305857815
2025-01-08 10:37:00.836601856,-0.01264203,0.038699665828965016
2025-01-08 10:37:00.846482944,0.00328231,0.039575051304029316
2025-01-08 10:37:00.856456960,0.0284251,0.0404420469965088
2025-01-08 10:37:00.867149056,0.0228703,0.04130016820535384
2025-01-08 10:37:00.876566016,0.00600988,0.04214893458531298
2025-01-08 10:37:00.886502912,0.00588459,0.04298787046684146
2025-01-08 10:37:00.896538112,-0.00860763,0.043816505173387484
2025-01-08 10:37:00.906646016,-0.01206601,0.044634373335832755
2025-01-08 10:37:00.916531200,0.02964646,0.04544101520386619
2025-01-08 10:37:00.926587136,0.04928088,0.046235976954070813
2025-01-08 10:37:00.936584960,0.06692082,0.047018810994506596
2025-01-08 10:37:00.946587136,0.0163759,0.0477890762655737
2025-01-08 10:37:00.956621824,-0.01428884,0.04854633853694341
2025-01-08 10:37:00.966584064,0.04097975,0.04929017070034606
2025-01-08 10:37:00.976974080,0.07184917,0.05002015305800854
2025-01-08 10:37:00.986708992,0.08672649,0.050735873606536266
2025-01-08 10:37:00.996692992,0.0083546,0.05143692831603785
2025-01-08 10:37:01.006752000,-0.0452143,0.05212292140429354
2025-01-08 10:37:01.016587008,-0.09794974,0.052793465605772236
2025-01-08 10:37:01.026680064,-0.08243269,0.053448182435304616
2025-01-08 10:37:01.036672000,0.00124253,0.05408670244622423
2025-01-08 10:37:01.046610944,0.06791931,0.05470866548279153
2025-01-08 10:37:01.056664064,0.05022746,0.05531372092671986
2025-01-08 10:37:01.066734080,-0.00375574,0.05590152793762668
2025-01-08 10:37:01.076793856,-0.06180233,0.05647175568723672
2025-01-08 10:37:01.086808832,-0.0450142,0.057024083587168664
2025-01-08 10:37:01.096674816,-0.03151201,0.05755820151014091
2025-01-08 10:37:01.106832896,0.0256277,0.05807381000443671
2025-01-08 10:37:01.116736000,0.06830716,0.05857062050147306
2025-01-08 10:37:01.126761984,0.09053379,0.05904835551632327
2025-01-08 10:37:01.136684032,0.07716687,0.05950674884104706
2025-01-08 10:37:01.146710016,0.04066789,0.0599455457306875
2025-01-08 10:37:01.156836864,0.02495626,0.06036450308179912
2025-01-08 10:37:01.166749952,-0.00026733,0.060763389603376246
2025-01-08 10:37:01.176815872,0.00827545,0.0611419859800563
2025-01-08 10:37:01.187616000,0.03635621,0.06150008502747803
2025-01-08 10:37:01.196805120,0.02517499,0.06183749183967971
2025-01-08 10:37:01.206835968,0.01278496,0.0621540239284282
2025-01-08 10:37:01.216747008,-0.00535944,0.06244951135437536
2025-01-08 10:37:01.226798080,0.00206694,0.06272379684994363
2025-01-08 10:37:01.236818176,0.02575633,0.0629767359338485
2025-01-08 10:37:01.246781952,0.0135165,0.06320819701717183
2025-01-08 10:37:01.256856064,-0.02072698,0.06341806150090462
2025-01-08 10:37:01.266875136,-0.00237453,0.06360622386488561
2025-01-08 10:37:01.277467136,0.01781273,0.06377259174806597
2025-01-08 10:37:01.286866944,0.01159817,0.06391708602003834
2025-01-08 10:37:01.296866816,-0.00885612,0.06403964084377295
2025-01-08 10:37:01.307025920,-0.00025558,0.06414020372951086
2025-01-08 10:37:01.317025024,0.00756305,0.06421873557976993
2025-01-08 10:37:01.326874112,0.02541661,0.06427521072542536
2025-01-08 10:37:01.336872192,0.02938855,0.06430961695283301
2025-01-08 10:37:01.346955008,0.02584398,0.06432195552197018
2025-01-08 10:37:01.356924928,0.02071446,0.06431224117557414
2025-01-08 10:37:01.366953984,0.03489244,0.064280502139266
2025-01-08 10:37:01.376979968,0.08394304,0.06422678011265259
2025-01-08 10:37:01.387058944,0.05562717,0.06415113025140677
2025-01-08 10:37:01.397069056,0.04863116,0.06405362114033152
2025-01-08 10:37:01.406817792,0.04496273,0.06393433475742047
2025-01-08 10:37:01.417038080,-0.01293051,0.06379336642893356
2025-01-08 10:37:01.427067904,-0.04670706,0.06363082477551239
2025-01-08 10:37:01.436928000,-0.01808757,0.0634468316493672
2025-01-08 10:37:01.446970112,-0.01519018,0.06324152206257204
2025-01-08 10:37:01.456988928,-0.03192925,0.0630150441065131
2025-01-08 10:37:01.467021824,-0.04187807,0.06276755886253899
2025-01-08 10:37:01.477005056,-0.09691483,0.06249924030387012
2025-01-08 10:37:01.487068928,-0.08548778,0.06221027518882901
2025-01-08 10:37:01.497108992,-0.13012457,0.06190086294546016
2025-01-08 10:37:01.507131136,-0.13893479,0.06157121554761409
2025-01-08 10:37:01.516997120,-0.10768771,0.061221557382575786
2025-01-08 10:37:01.527046912,-0.03401759,0.06085212511032468
2025-01-08 10:37:01.536860928,-0.10314107,0.060463167514517795
2025-01-08 10:37:01.547076096,-0.1325689,0.06005494534529502
2025-01-08 10:37:01.557220096,-0.28961745,0.05962773115401009
2025-01-08 10:37:01.567136000,-0.32466447,0.05918180911999722
2025-01-08 10:37:01.577617920,-0.44224393,0.0587174748694887
2025-01-08 10:37:01.588556032,-0.46188647,0.058235035286804286
2025-01-08 10:37:01.597295872,-0.58373415,0.057734808317938834
2025-01-08 10:37:01.607241984,-0.76495761,0.05721712276667996
2025-01-08 10:37:01.617105920,-0.37910569,0.05668231808339251
2025-01-08 10:37:01.627367936,0.31953251,0.05613074414661234
2025-01-08 10:37:01.637315072,0.25794071,0.055562761037596414
2025-01-08 10:37:01.647341056,0.18660527,0.05497873880798176
2025-01-08 10:37:01.657285888,0.38500464,0.05437905724071011
2025-01-08 10:37:01.667303936,0.66790694,0.053764105604380406
2025-01-08 10:37:01.677316864,0.82560277,0.053134282401195616
2025-01-08 10:37:01.687379968,1.03004527,0.0524899951086749
2025-01-08 10:37:01.697443072,1.13447332,0.05183165991530667
2025-01-08 10:37:01.707632896,1.1663717,0.05115970145032247
2025-01-08 10:37:01.717361920,1.29224694,0.05047455250777524
2025-01-08 10:37:01.727335936,1.30206931,0.049776653765110465
2025-01-08 10:37:01.737345024,1.20379138,0.049066453496421754
2025-01-08 10:37:01.747472128,1.08415973,0.048344407280586414
2025-01-08 10:37:01.757352960,0.97576374,0.0476109777044807
2025-01-08 10:37:01.767256064,0.86142045,0.04686663406147702
2025-01-08 10:37:01.777129984,0.82104713,0.046111852045429544
2025-01-08 10:37:01.787280128,0.76002026,0.045347113440357356
2025-01-08 10:37:01.797370880,0.69248593,0.04457290580603739
2025-01-08 10:37:01.807344896,0.60929376,0.04378972215972264
2025-01-08 10:37:01.817303808,0.50201082,0.04299806065420337
2025-01-08 10:37:01.827399936,0.41605347,0.042198424252431914
2025-01-08 10:37:01.837340160,0.313604,0.04139132039893431
2025-01-08 10:37:01.847278080,0.23135471,0.04057726068823359
2025-01-08 10:37:01.857331968,0.13598138,0.039756760530512546
2025-01-08 10:37:01.867369984,0.04957235,0.038930338814744926
2025-01-08 10:37:01.877413888,-0.01593828,0.03809851756952648
2025-01-08 10:37:01.887342080,-0.04738432,0.03726182162183839
2025-01-08 10:37:01.897555968,-0.13158572,0.036420778253977264
2025-01-08 10:37:01.907581184,-0.19550288,0.035575916858887405
2025-01-08 10:37:01.917443072,-0.24059057,0.034727768594131715
2025-01-08 10:37:01.927547904,-0.27868307,0.03387686603473891
2025-01-08 10:37:01.937522944,-0.287045,0.033023742825165396
2025-01-08 10:37:01.947458048,-0.2846781,0.03216893333061078
2025-01-08 10:37:01.957417984,-0.29308295,0.03131297228792638
2025-01-08 10:37:01.967458048,-0.31961387,0.030456394456356554
2025-01-08 10:37:01.977444864,-0.33678675,0.029599734268352405
2025-01-08 10:37:01.987461120,-0.36718816,0.02874352548069791
2025-01-08 10:37:01.997572864,-0.41603839,0.027888300826187713
2025-01-08 10:37:02.007643904,-0.44969082,0.027034591666095818
2025-01-08 10:37:02.017507072,-0.43295079,0.026182927643673647
2025-01-08 10:37:02.027443968,-0.43779546,0.02533383633891526
2025-01-08 10:37:02.037543168,-0.43527913,0.024487842924826572
2025-01-08 10:37:02.047593984,-0.40123105,0.023645469825434393
2025-01-08 10:37:02.057568000,-0.42519999,0.022807236375769726
2025-01-08 10:37:02.067746048,-0.45545942,0.02197365848405855
2025-01-08 10:37:02.077665024,-0.44401199,0.021145248296351508
2025-01-08 10:37:02.087666944,-0.40403044,0.02032251386382236
2025-01-08 10:37:02.097677824,-0.38353992,0.019505958812963017
2025-01-08 10:37:02.107613184,-0.36673176,0.01869608201890095
2025-01-08 10:37:02.117728000,-0.35068089,0.01789337728206262
2025-01-08 10:37:02.128354048,-0.2924881,0.017098333008403927
2025-01-08 10:37:02.176985856,-0.25434387,0.016311431893426535
2025-01-08 10:37:02.177004032,-0.22336024,0.015533150610195733
2025-01-08 10:37:02.177009152,-0.19339675,0.014763959501573118
2025-01-08 10:37:02.178317056,-0.20197272,0.014004322276874018
2025-01-08 10:37:02.192050944,-0.21339262,0.01325469571315658
2025-01-08 10:37:02.199422976,-0.22058213,0.01251552936134612
2025-01-08 10:37:02.210274048,-0.22061676,0.011787265257394887
2025-01-08 10:37:02.217488128,-0.19958544,0.011070337638673803
2025-01-08 10:37:02.227591936,-0.16845953,0.010365172665788933
2025-01-08 10:37:02.237620992,-0.14181465,0.009672188150011751
2025-01-08 10:37:02.247764224,-0.1204592,0.008991793286508065
2025-01-08 10:37:02.257592832,-0.0852896,0.008324388393546515
2025-01-08 10:37:02.267719936,-0.04609907,0.0076703646578631345
2025-01-08 10:37:02.278347008,-0.00972372,0.007030103886354226
2025-01-08 10:37:02.287802880,0.02385515,0.006403978264265281
2025-01-08 10:37:02.297998848,0.05033588,0.005792350120038842
2025-01-08 10:37:02.307849984,0.05768853,0.005195571696979895
2025-01-08 10:37:02.317943040,0.08425003,0.004613984931892036
2025-01-08 10:37:02.331726080,0.13110387,0.004047921240833106
2025-01-08 10:37:02.338182912,0.21430796,0.003497701312133704
2025-01-08 10:37:02.364950784,0.21752167,0.002963634906816905
2025-01-08 10:37:02.364965888,0.12663549,0.00244602066655225
2025-01-08 10:37:02.370533888,0.03723317,0.0019451459292717094
2025-01-08 10:37:02.380259072,0.01124483,0.0014612865525698722
2025-01-08 10:37:02.387649024,0.02365881,0.000994706745005234
2025-01-08 10:37:02.397916160,0.03218657,0.0005456589054135402
2025-01-08 10:37:02.407916032,0.06038582,0.00011438347033877965
2025-01-08 10:37:02.418003200,0.11068451,-0.0002988912303183956
2025-01-08 10:37:02.427983872,0.13526839,-0.0006939491093411339
2025-01-08 10:37:02.437939968,0.10616463,-0.0010705864498374883
2025-01-08 10:37:02.447921152,0.07585871,-0.001428612024400284
2025-01-08 10:37:02.458373120,0.07255399,-0.0017678472057095743
2025-01-08 10:37:02.468122112,0.06298143,-0.002088126068507666
2025-01-08 10:37:02.481064960,0.07081366,-0.0023892954828829533
2025-01-08 10:37:02.488218112,0.07837725,-0.002671215198804606
2025-01-08 10:37:02.498027008,0.07853162,-0.002933757921856595
2025-01-08 10:37:02.508083968,0.07776147,-0.0031768093801257937
2025-01-08 10:37:02.518539008,0.06556219,-0.0034002683822048087
2025-01-08 10:37:02.529149952,0.05738717,-0.003604046866276888
2025-01-08 10:37:02.538242048,0.06897843,-0.003788069940256195
2025-01-08 10:37:02.548155904,0.07311606,-0.003952275912963282
2025-01-08 10:37:02.558072064,0.06428033,-0.004096616316321718
2025-01-08 10:37:02.568317952,0.053684,-0.004221055918568283
2025-01-08 10:37:02.584922112,0.05112302,-0.004325572728475456
2025-01-08 10:37:02.589464832,0.06180012,-0.00441015799059113
2025-01-08 10:37:02.605089024,0.07612479,-0.004474816171506969
2025-01-08 10:37:02.608068096,0.07006615,-0.0045195649371729055
2025-01-08 10:37:02.618036992,0.06360358,-0.004544435121281853
2025-01-08 10:37:02.629221888,0.06017369,-0.004549470684754659
2025-01-08 10:37:02.638092032,0.03767157,-0.004534728666361816
2025-01-08 10:37:02.648111104,0.01520884,-0.0045002791245244405
2025-01-08 10:37:02.658051072,0.01477265,-0.004446205070343528
2025-01-08 10:37:02.668237056,0.01955068,-0.00437260239191205
2025-01-08 10:37:02.678417920,0.0174799,-0.004279579769971348
2025-01-08 10:37:02.688380928,0.01218057,-0.004167258584978536
2025-01-08 10:37:02.698694912,0.00685251,-0.004035772815658168
2025-01-08 10:37:02.708802048,0.01759422,-0.0038852689291170635
2025-01-08 10:37:02.718398976,0.00635606,-0.0037159057626072736
2025-01-08 10:37:02.729580032,-0.01157022,-0.003527854397027692
2025-01-08 10:37:02.738082048,-0.01802188,-0.0033212980222608905
2025-01-08 10:37:02.748208128,-0.01711863,-0.0030964317944472053
2025-01-08 10:37:02.758155008,-0.00859702,-0.0028534626853037315
2025-01-08 10:37:02.768208128,-0.00870019,-0.0025926093236014513
2025-01-08 10:37:02.778287872,-0.00664365,-0.0023141018289190847
2025-01-08 10:37:02.788084992,-0.00092363,-0.0020181816377976103
2025-01-08 10:37:02.798275072,-0.00554425,-0.0017051013224247073
2025-01-08 10:37:02.808301056,-0.02043527,-0.0013751244019833404
2025-01-08 10:37:02.818362880,-0.0153833,-0.001028525146803981
2025-01-08 10:37:02.838420992,0.13726717,-0.0006655883754647814
2025-01-08 10:37:02.838447104,-0.18216753,-0.0002866092449887252
2025-01-08 10:37:02.848406016,0.05585527,0.00010810696570809532
2025-01-08 10:37:02.857988096,-0.0700469,0.000518245078958872
2025-01-08 10:37:02.868254976,-0.05472076,0.0009434802479159123
2025-01-08 10:37:02.878196992,-0.03446168,0.0013834781923806943
2025-01-08 10:37:02.888346880,0.01740807,0.001837895440722497
2025-01-08 10:37:02.900742912,-0.01518893,0.002306379577709768
2025-01-08 10:37:02.908365056,-0.01414353,0.0027885694980747497
